Sid;Datum;Lon;Lat;Temp
10500;1/03/2024;6.04;50.96;-1.75
10500;4/03/2024;6.04;50.96;11.25
10500;5/03/2024;6.04;50.96;10.55
10500;6/03/2024;6.04;50.96;8.05
10500;7/03/2024;6.04;50.96;8.65
10500;8/03/2024;6.04;50.96;9.15
10500;11/03/2024;6.04;50.96;13.85
10500;12/03/2024;6.04;50.96;5.35
10500;13/03/2024;6.04;50.96;10.55
10500;14/03/2024;6.04;50.96;9.45
10500;15/03/2024;6.04;50.96;8.55
10500;18/03/2024;6.04;50.96;1.35
10500;19/03/2024;6.04;50.96;6.95
10500;20/03/2024;6.04;50.96;3.15
10500;21/03/2024;6.04;50.96;5.15
10500;22/03/2024;6.04;50.96;5.85
10500;25/03/2024;6.04;50.96;10.45
10500;26/03/2024;6.04;50.96;10.05
10500;27/03/2024;6.04;50.96;8.05
10500;28/03/2024;6.04;50.96;6.35
10505;1/03/2024;6.02;50.8;-2.85
10505;2/03/2024;6.02;50.8;1.35
10505;3/03/2024;6.02;50.8;11.05
10505;4/03/2024;6.02;50.8;10.05
10505;5/03/2024;6.02;50.8;9.55
10505;6/03/2024;6.02;50.8;7.05
10505;7/03/2024;6.02;50.8;6.85
10505;8/03/2024;6.02;50.8;7.05
10505;9/03/2024;6.02;50.8;14.15
10505;10/03/2024;6.02;50.8;13.75
10505;11/03/2024;6.02;50.8;12.15
10505;12/03/2024;6.02;50.8;4.35
10505;13/03/2024;6.02;50.8;9.65
10505;14/03/2024;6.02;50.8;10.05
10505;15/03/2024;6.02;50.8;7.85
10505;16/03/2024;6.02;50.8;-2.25
10505;17/03/2024;6.02;50.8;-2.05
10505;18/03/2024;6.02;50.8;-1.75
10505;19/03/2024;6.02;50.8;4.65
10505;20/03/2024;6.02;50.8;0.05
10505;21/03/2024;6.02;50.8;3.75
10505;22/03/2024;6.02;50.8;4.55
10505;23/03/2024;6.02;50.8;10.65
10505;24/03/2024;6.02;50.8;10.45
10505;25/03/2024;6.02;50.8;8.85
10505;26/03/2024;6.02;50.8;7.95
10505;27/03/2024;6.02;50.8;6.75
10505;28/03/2024;6.02;50.8;8.45
10505;29/03/2024;6.02;50.8;12.65
10505;30/03/2024;6.02;50.8;9.85
10505;31/03/2024;6.02;50.8;6.15
6310;1/03/2024;3.6;51.44;-2.05
6310;2/03/2024;3.6;51.44;0.95
6310;3/03/2024;3.6;51.44;6.85
6310;4/03/2024;3.6;51.44;5.75
6310;5/03/2024;3.6;51.44;8.75
6310;6/03/2024;3.6;51.44;6.25
6310;7/03/2024;3.6;51.44;7.45
6310;8/03/2024;3.6;51.44;7.75
6310;9/03/2024;3.6;51.44;8.45
6310;10/03/2024;3.6;51.44;11.65
6310;11/03/2024;3.6;51.44;9.05
6310;12/03/2024;3.6;51.44;5.45
6310;13/03/2024;3.6;51.44;8.05
6310;14/03/2024;3.6;51.44;5.95
6310;15/03/2024;3.6;51.44;10.25
6310;16/03/2024;3.6;51.44;-1.85
6310;17/03/2024;3.6;51.44;-0.45
6310;18/03/2024;3.6;51.44;1.05
6310;19/03/2024;3.6;51.44;6.95
6310;20/03/2024;3.6;51.44;6.15
6310;21/03/2024;3.6;51.44;6.15
6310;22/03/2024;3.6;51.44;6.35
6310;23/03/2024;3.6;51.44;8.75
6310;24/03/2024;3.6;51.44;8.95
6310;25/03/2024;3.6;51.44;7.05
6310;26/03/2024;3.6;51.44;6.25
6310;27/03/2024;3.6;51.44;6.05
6310;28/03/2024;3.6;51.44;8.75
6310;29/03/2024;3.6;51.44;9.65
6310;30/03/2024;3.6;51.44;8.15
6310;31/03/2024;3.6;51.44;6.25
6319;1/03/2024;3.86;51.22;-2.95
6319;2/03/2024;3.86;51.22;2.55
6319;3/03/2024;3.86;51.22;10.55
6319;4/03/2024;3.86;51.22;9.05
6319;5/03/2024;3.86;51.22;10.35
6319;6/03/2024;3.86;51.22;8.25
6319;7/03/2024;3.86;51.22;7.25
6319;8/03/2024;3.86;51.22;9.75
6319;9/03/2024;3.86;51.22;13.85
6319;10/03/2024;3.86;51.22;13.85
6319;11/03/2024;3.86;51.22;12.05
6319;12/03/2024;3.86;51.22;5.65
6319;13/03/2024;3.86;51.22;11.55
6319;14/03/2024;3.86;51.22;7.45
6319;15/03/2024;3.86;51.22;11.35
6319;16/03/2024;3.86;51.22;-1.75
6319;17/03/2024;3.86;51.22;-0.15
6319;18/03/2024;3.86;51.22;1.35
6319;19/03/2024;3.86;51.22;7.45
6319;20/03/2024;3.86;51.22;6.65
6319;21/03/2024;3.86;51.22;6.25
6319;22/03/2024;3.86;51.22;6.85
6319;23/03/2024;3.86;51.22;10.15
6319;24/03/2024;3.86;51.22;9.75
6319;25/03/2024;3.86;51.22;11.45
6319;26/03/2024;3.86;51.22;7.15
6319;27/03/2024;3.86;51.22;6.85
6319;28/03/2024;3.86;51.22;9.15
6319;29/03/2024;3.86;51.22;12.25
6319;30/03/2024;3.86;51.22;10.15
6319;31/03/2024;3.86;51.22;7.65
6340;1/03/2024;4.34;51.45;-2.05
6340;2/03/2024;4.34;51.45;0.65
6340;3/03/2024;4.34;51.45;10.85
6340;4/03/2024;4.34;51.45;9.45
6340;5/03/2024;4.34;51.45;10.35
6340;6/03/2024;4.34;51.45;7.85
6340;7/03/2024;4.34;51.45;6.95
6340;8/03/2024;4.34;51.45;10.25
6340;9/03/2024;4.34;51.45;14.95
6340;10/03/2024;4.34;51.45;12.05
6340;11/03/2024;4.34;51.45;11.85
6340;12/03/2024;4.34;51.45;4.95
6340;13/03/2024;4.34;51.45;10.95
6340;14/03/2024;4.34;51.45;9.35
6340;15/03/2024;4.34;51.45;9.35
6340;16/03/2024;4.34;51.45;-2.55
6340;17/03/2024;4.34;51.45;-1.05
6340;18/03/2024;4.34;51.45;2.25
6340;19/03/2024;4.34;51.45;7.45
6340;20/03/2024;4.34;51.45;6.45
6340;21/03/2024;4.34;51.45;6.65
6340;22/03/2024;4.34;51.45;7.15
6340;23/03/2024;4.34;51.45;9.65
6340;24/03/2024;4.34;51.45;11.65
6340;25/03/2024;4.34;51.45;10.65
6340;26/03/2024;4.34;51.45;7.05
6340;27/03/2024;4.34;51.45;6.55
6340;28/03/2024;4.34;51.45;9.95
6340;29/03/2024;4.34;51.45;13.15
6340;30/03/2024;4.34;51.45;10.45
6340;31/03/2024;4.34;51.45;6.55
6370;1/03/2024;5.38;51.45;-2.05
6370;2/03/2024;5.38;51.45;0.75
6370;3/03/2024;5.38;51.45;10.45
6370;4/03/2024;5.38;51.45;11.55
6370;5/03/2024;5.38;51.45;9.05
6370;6/03/2024;5.38;51.45;8.35
6370;7/03/2024;5.38;51.45;6.15
6370;8/03/2024;5.38;51.45;9.85
6370;9/03/2024;5.38;51.45;14.75
6370;10/03/2024;5.38;51.45;13.85
6370;11/03/2024;5.38;51.45;13.75
6370;12/03/2024;5.38;51.45;5.05
6370;13/03/2024;5.38;51.45;11.55
6370;14/03/2024;5.38;51.45;9.75
6370;15/03/2024;5.38;51.45;6.75
6370;16/03/2024;5.38;51.45;-2.25
6370;17/03/2024;5.38;51.45;-1.25
6370;18/03/2024;5.38;51.45;2.35
6370;19/03/2024;5.38;51.45;8.35
6370;20/03/2024;5.38;51.45;6.55
6370;21/03/2024;5.38;51.45;7.05
6370;22/03/2024;5.38;51.45;6.65
6370;23/03/2024;5.38;51.45;10.55
6370;24/03/2024;5.38;51.45;13.15
6370;25/03/2024;5.38;51.45;10.35
6370;26/03/2024;5.38;51.45;9.05
6370;27/03/2024;5.38;51.45;7.55
6370;28/03/2024;5.38;51.45;10.55
6370;29/03/2024;5.38;51.45;13.65
6370;30/03/2024;5.38;51.45;12.45
6370;31/03/2024;5.38;51.45;5.65
6377;1/03/2024;5.76;51.2;-2.25
6377;2/03/2024;5.76;51.2;1.85
6377;3/03/2024;5.76;51.2;9.45
6377;4/03/2024;5.76;51.2;9.95
6377;5/03/2024;5.76;51.2;10.95
6377;6/03/2024;5.76;51.2;7.75
6377;7/03/2024;5.76;51.2;7.05
6377;8/03/2024;5.76;51.2;10.35
6377;9/03/2024;5.76;51.2;15.45
6377;10/03/2024;5.76;51.2;14.65
6377;11/03/2024;5.76;51.2;13.55
6377;12/03/2024;5.76;51.2;5.65
6377;13/03/2024;5.76;51.2;10.35
6377;14/03/2024;5.76;51.2;10.05
6377;15/03/2024;5.76;51.2;7.65
6377;16/03/2024;5.76;51.2;-2.15
6377;17/03/2024;5.76;51.2;-1.35
6377;18/03/2024;5.76;51.2;1.65
6377;19/03/2024;5.76;51.2;7.55
6377;20/03/2024;5.76;51.2;5.55
6377;21/03/2024;5.76;51.2;6.35
6377;22/03/2024;5.76;51.2;6.05
6377;23/03/2024;5.76;51.2;10.55
6377;24/03/2024;5.76;51.2;12.85
6377;25/03/2024;5.76;51.2;9.25
6377;26/03/2024;5.76;51.2;9.45
6377;27/03/2024;5.76;51.2;7.95
6377;28/03/2024;5.76;51.2;10.05
6377;29/03/2024;5.76;51.2;13.35
6377;30/03/2024;5.76;51.2;13.05
6377;31/03/2024;5.76;51.2;7.95
6380;1/03/2024;5.76;50.91;-1.45
6380;2/03/2024;5.76;50.91;1.95
6380;3/03/2024;5.76;50.91;12.05
6380;4/03/2024;5.76;50.91;11.05
6380;5/03/2024;5.76;50.91;10.05
6380;6/03/2024;5.76;50.91;7.55
6380;7/03/2024;5.76;50.91;7.15
6380;8/03/2024;5.76;50.91;8.05
6380;9/03/2024;5.76;50.91;15.25
6380;10/03/2024;5.76;50.91;14.65
6380;11/03/2024;5.76;50.91;12.95
6380;12/03/2024;5.76;50.91;5.05
6380;13/03/2024;5.76;50.91;10.95
6380;14/03/2024;5.76;50.91;11.05
6380;15/03/2024;5.76;50.91;8.85
6380;16/03/2024;5.76;50.91;-2.45
6380;17/03/2024;5.76;50.91;-1.65
6380;18/03/2024;5.76;50.91;1.25
6380;19/03/2024;5.76;50.91;7.25
6380;20/03/2024;5.76;50.91;4.45
6380;21/03/2024;5.76;50.91;5.35
6380;22/03/2024;5.76;50.91;5.25
6380;23/03/2024;5.76;50.91;10.65
6380;24/03/2024;5.76;50.91;12.65
6380;25/03/2024;5.76;50.91;9.35
6380;26/03/2024;5.76;50.91;8.15
6380;27/03/2024;5.76;50.91;7.35
6380;28/03/2024;5.76;50.91;8.35
6380;29/03/2024;5.76;50.91;13.65
6380;30/03/2024;5.76;50.91;12.55
6380;31/03/2024;5.76;50.91;7.75
6391;1/03/2024;6.2;51.5;-1.05
6391;2/03/2024;6.2;51.5;0.35
6391;3/03/2024;6.2;51.5;8.55
6391;4/03/2024;6.2;51.5;10.85
6391;5/03/2024;6.2;51.5;10.75
6391;6/03/2024;6.2;51.5;8.85
6391;7/03/2024;6.2;51.5;7.15
6391;8/03/2024;6.2;51.5;9.75
6391;9/03/2024;6.2;51.5;15.45
6391;10/03/2024;6.2;51.5;14.35
6391;11/03/2024;6.2;51.5;14.55
6391;12/03/2024;6.2;51.5;5.95
6391;13/03/2024;6.2;51.5;8.95
6391;14/03/2024;6.2;51.5;11.15
6391;15/03/2024;6.2;51.5;5.55
6391;16/03/2024;6.2;51.5;-2.25
6391;17/03/2024;6.2;51.5;-0.65
6391;18/03/2024;6.2;51.5;2.65
6391;19/03/2024;6.2;51.5;7.55
6391;20/03/2024;6.2;51.5;5.25
6391;21/03/2024;6.2;51.5;6.85
6391;22/03/2024;6.2;51.5;6.65
6391;23/03/2024;6.2;51.5;11.25
6391;24/03/2024;6.2;51.5;13.35
6391;25/03/2024;6.2;51.5;9.45
6391;26/03/2024;6.2;51.5;9.55
6391;27/03/2024;6.2;51.5;8.35
6391;28/03/2024;6.2;51.5;9.45
6391;29/03/2024;6.2;51.5;13.25
6391;30/03/2024;6.2;51.5;12.85
6391;31/03/2024;6.2;51.5;7.55
6400;1/03/2024;2.65;51.09;-2.75
6400;2/03/2024;2.65;51.09;4.45
6400;3/03/2024;2.65;51.09;7.15
6400;4/03/2024;2.65;51.09;6.95
6400;5/03/2024;2.65;51.09;10.15
6400;6/03/2024;2.65;51.09;5.85
6400;7/03/2024;2.65;51.09;8.75
6400;8/03/2024;2.65;51.09;7.95
6400;9/03/2024;2.65;51.09;13.05
6400;10/03/2024;2.65;51.09;12.95
6400;11/03/2024;2.65;51.09;10.65
6400;12/03/2024;2.65;51.09;6.05
6400;13/03/2024;2.65;51.09;11.65
6400;14/03/2024;2.65;51.09;9.35
6400;15/03/2024;2.65;51.09;10.05
6400;16/03/2024;2.65;51.09;-1.75
6400;17/03/2024;2.65;51.09;0.35
6400;18/03/2024;2.65;51.09;0.35
6400;19/03/2024;2.65;51.09;6.55
6400;20/03/2024;2.65;51.09;6.45
6400;21/03/2024;2.65;51.09;6.45
6400;22/03/2024;2.65;51.09;6.05
6400;23/03/2024;2.65;51.09;10.45
6400;24/03/2024;2.65;51.09;8.85
6400;25/03/2024;2.65;51.09;8.05
6400;26/03/2024;2.65;51.09;6.85
6400;27/03/2024;2.65;51.09;6.55
6400;28/03/2024;2.65;51.09;9.75
6400;29/03/2024;2.65;51.09;9.55
6400;30/03/2024;2.65;51.09;8.45
6400;31/03/2024;2.65;51.09;6.75
6407;1/03/2024;2.89;51.2;-3.05
6407;2/03/2024;2.89;51.2;3.85
6407;3/03/2024;2.89;51.2;8.65
6407;4/03/2024;2.89;51.2;6.85
6407;5/03/2024;2.89;51.2;8.15
6407;6/03/2024;2.89;51.2;5.75
6407;7/03/2024;2.89;51.2;8.45
6407;8/03/2024;2.89;51.2;8.65
6407;9/03/2024;2.89;51.2;12.75
6407;10/03/2024;2.89;51.2;12.25
6407;11/03/2024;2.89;51.2;10.75
6407;12/03/2024;2.89;51.2;5.45
6407;13/03/2024;2.89;51.2;11.35
6407;14/03/2024;2.89;51.2;8.35
6407;15/03/2024;2.89;51.2;8.65
6407;16/03/2024;2.89;51.2;-1.95
6407;17/03/2024;2.89;51.2;-0.45
6407;18/03/2024;2.89;51.2;1.25
6407;19/03/2024;2.89;51.2;5.55
6407;20/03/2024;2.89;51.2;5.65
6407;21/03/2024;2.89;51.2;5.35
6407;22/03/2024;2.89;51.2;6.15
6407;23/03/2024;2.89;51.2;10.05
6407;24/03/2024;2.89;51.2;7.55
6407;25/03/2024;2.89;51.2;7.05
6407;26/03/2024;2.89;51.2;6.55
6407;27/03/2024;2.89;51.2;6.55
6407;28/03/2024;2.89;51.2;8.65
6407;29/03/2024;2.89;51.2;9.45
6407;30/03/2024;2.89;51.2;8.05
6407;31/03/2024;2.89;51.2;6.75
6414;1/03/2024;3.12;50.9;-2.55
6414;2/03/2024;3.12;50.9;3.75
6414;3/03/2024;3.12;50.9;8.25
6414;4/03/2024;3.12;50.9;8.25
6414;5/03/2024;3.12;50.9;9.95
6414;6/03/2024;3.12;50.9;7.05
6414;7/03/2024;3.12;50.9;4.45
6414;8/03/2024;3.12;50.9;7.85
6414;9/03/2024;3.12;50.9;13.35
6414;10/03/2024;3.12;50.9;13.65
6414;11/03/2024;3.12;50.9;12.15
6414;12/03/2024;3.12;50.9;5.85
6414;13/03/2024;3.12;50.9;11.75
6414;14/03/2024;3.12;50.9;9.05
6414;15/03/2024;3.12;50.9;10.25
6414;16/03/2024;3.12;50.9;-1.15
6414;17/03/2024;3.12;50.9;-0.55
6414;18/03/2024;3.12;50.9;0.15
6414;19/03/2024;3.12;50.9;6.85
6414;20/03/2024;3.12;50.9;6.75
6414;21/03/2024;3.12;50.9;6.35
6414;22/03/2024;3.12;50.9;6.45
6414;23/03/2024;3.12;50.9;10.25
6414;24/03/2024;3.12;50.9;10.95
6414;25/03/2024;3.12;50.9;10.75
6414;26/03/2024;3.12;50.9;6.85
6414;27/03/2024;3.12;50.9;7.05
6414;29/03/2024;3.12;50.9;10.55
6414;30/03/2024;3.12;50.9;8.55
6414;31/03/2024;3.12;50.9;8.15
6428;1/03/2024;3.67;50.94;-2.35
6428;2/03/2024;3.67;50.94;4.35
6428;3/03/2024;3.67;50.94;9.65
6428;4/03/2024;3.67;50.94;9.15
6428;5/03/2024;3.67;50.94;9.95
6428;6/03/2024;3.67;50.94;7.35
6428;7/03/2024;3.67;50.94;6.55
6428;8/03/2024;3.67;50.94;7.95
6428;9/03/2024;3.67;50.94;13.55
6428;10/03/2024;3.67;50.94;14.65
6428;11/03/2024;3.67;50.94;11.65
6428;12/03/2024;3.67;50.94;5.55
6428;13/03/2024;3.67;50.94;10.85
6428;14/03/2024;3.67;50.94;7.55
6428;15/03/2024;3.67;50.94;10.35
6428;16/03/2024;3.67;50.94;-1.55
6428;17/03/2024;3.67;50.94;0.25
6428;18/03/2024;3.67;50.94;0.35
6428;19/03/2024;3.67;50.94;6.75
6428;20/03/2024;3.67;50.94;7.35
6428;21/03/2024;3.67;50.94;6.05
6428;22/03/2024;3.67;50.94;6.05
6428;23/03/2024;3.67;50.94;10.15
6428;24/03/2024;3.67;50.94;10.35
6428;25/03/2024;3.67;50.94;10.15
6428;26/03/2024;3.67;50.94;6.55
6428;27/03/2024;3.67;50.94;6.55
6428;28/03/2024;3.67;50.94;10.15
6428;29/03/2024;3.67;50.94;10.95
6428;30/03/2024;3.67;50.94;10.35
6428;31/03/2024;3.67;50.94;6.45
6431;1/03/2024;3.8;51.18;-2.55
6431;2/03/2024;3.8;51.18;3.25
6431;3/03/2024;3.8;51.18;10.65
6431;4/03/2024;3.8;51.18;9.65
6431;5/03/2024;3.8;51.18;12.15
6431;6/03/2024;3.8;51.18;8.15
6431;7/03/2024;3.8;51.18;7.05
6431;8/03/2024;3.8;51.18;10.75
6431;9/03/2024;3.8;51.18;14.15
6431;10/03/2024;3.8;51.18;13.45
6431;11/03/2024;3.8;51.18;12.95
6431;12/03/2024;3.8;51.18;5.65
6431;13/03/2024;3.8;51.18;12.55
6431;14/03/2024;3.8;51.18;8.25
6431;15/03/2024;3.8;51.18;12.55
6431;16/03/2024;3.8;51.18;-1.65
6431;17/03/2024;3.8;51.18;0.65
6431;18/03/2024;3.8;51.18;1.55
6431;19/03/2024;3.8;51.18;7.55
6431;20/03/2024;3.8;51.18;6.45
6431;21/03/2024;3.8;51.18;6.25
6431;22/03/2024;3.8;51.18;7.35
6431;23/03/2024;3.8;51.18;10.15
6431;24/03/2024;3.8;51.18;9.65
6431;25/03/2024;3.8;51.18;10.55
6431;26/03/2024;3.8;51.18;7.55
6431;27/03/2024;3.8;51.18;6.75
6431;29/03/2024;3.8;51.18;12.65
6431;30/03/2024;3.8;51.18;11.35
6431;31/03/2024;3.8;51.18;7.05
6432;1/03/2024;3.83;50.57;-1.55
6432;2/03/2024;3.83;50.57;7.45
6432;3/03/2024;3.83;50.57;10.15
6432;4/03/2024;3.83;50.57;9.25
6432;5/03/2024;3.83;50.57;9.85
6432;6/03/2024;3.83;50.57;6.15
6432;7/03/2024;3.83;50.57;5.85
6432;8/03/2024;3.83;50.57;7.45
6432;9/03/2024;3.83;50.57;12.55
6432;10/03/2024;3.83;50.57;14.15
6432;11/03/2024;3.83;50.57;12.25
6432;12/03/2024;3.83;50.57;5.75
6432;13/03/2024;3.83;50.57;10.85
6432;14/03/2024;3.83;50.57;7.15
6432;15/03/2024;3.83;50.57;11.35
6432;16/03/2024;3.83;50.57;-1.25
6432;17/03/2024;3.83;50.57;-0.75
6432;18/03/2024;3.83;50.57;1.65
6432;19/03/2024;3.83;50.57;6.75
6432;20/03/2024;3.83;50.57;4.85
6432;21/03/2024;3.83;50.57;6.15
6432;22/03/2024;3.83;50.57;6.75
6432;23/03/2024;3.83;50.57;10.35
6432;24/03/2024;3.83;50.57;11.95
6432;25/03/2024;3.83;50.57;11.45
6432;26/03/2024;3.83;50.57;6.65
6432;27/03/2024;3.83;50.57;7.35
6432;28/03/2024;3.83;50.57;8.95
6432;29/03/2024;3.83;50.57;11.85
6432;30/03/2024;3.83;50.57;11.45
6432;31/03/2024;3.83;50.57;7.45
6447;1/03/2024;4.36;50.8;-2.75
6447;2/03/2024;4.36;50.8;5.05
6447;3/03/2024;4.36;50.8;11.35
6447;4/03/2024;4.36;50.8;9.55
6447;5/03/2024;4.36;50.8;10.35
6447;6/03/2024;4.36;50.8;7.25
6447;7/03/2024;4.36;50.8;5.65
6447;8/03/2024;4.36;50.8;8.35
6447;9/03/2024;4.36;50.8;13.85
6447;10/03/2024;4.36;50.8;13.25
6447;11/03/2024;4.36;50.8;12.25
6447;12/03/2024;4.36;50.8;4.95
6447;13/03/2024;4.36;50.8;11.95
6447;14/03/2024;4.36;50.8;7.35
6447;15/03/2024;4.36;50.8;11.45
6447;16/03/2024;4.36;50.8;-2.05
6447;17/03/2024;4.36;50.8;-1.75
6447;18/03/2024;4.36;50.8;1.35
6447;19/03/2024;4.36;50.8;7.25
6447;20/03/2024;4.36;50.8;4.95
6447;21/03/2024;4.36;50.8;5.95
6447;22/03/2024;4.36;50.8;6.55
6447;23/03/2024;4.36;50.8;11.85
6447;24/03/2024;4.36;50.8;12.95
6447;25/03/2024;4.36;50.8;10.55
6447;26/03/2024;4.36;50.8;6.55
6447;27/03/2024;4.36;50.8;7.05
6447;29/03/2024;4.36;50.8;12.05
6447;30/03/2024;4.36;50.8;11.35
6447;31/03/2024;4.36;50.8;6.35
6449;1/03/2024;4.44;50.45;-2.35
6449;2/03/2024;4.44;50.45;7.75
6449;3/03/2024;4.44;50.45;10.45
6449;4/03/2024;4.44;50.45;9.95
6449;5/03/2024;4.44;50.45;9.65
6449;6/03/2024;4.44;50.45;5.55
6449;7/03/2024;4.44;50.45;5.25
6449;8/03/2024;4.44;50.45;6.85
6449;9/03/2024;4.44;50.45;12.05
6449;10/03/2024;4.44;50.45;12.35
6449;11/03/2024;4.44;50.45;10.85
6449;12/03/2024;4.44;50.45;4.65
6449;13/03/2024;4.44;50.45;11.15
6449;14/03/2024;4.44;50.45;7.35
6449;15/03/2024;4.44;50.45;9.45
6449;16/03/2024;4.44;50.45;-1.75
6449;17/03/2024;4.44;50.45;-1.45
6449;18/03/2024;4.44;50.45;0.25
6449;19/03/2024;4.44;50.45;5.45
6449;20/03/2024;4.44;50.45;4.75
6449;21/03/2024;4.44;50.45;5.15
6449;22/03/2024;4.44;50.45;5.65
6449;23/03/2024;4.44;50.45;10.15
6449;24/03/2024;4.44;50.45;11.75
6449;25/03/2024;4.44;50.45;9.55
6449;26/03/2024;4.44;50.45;5.75
6449;27/03/2024;4.44;50.45;6.55
6449;28/03/2024;4.44;50.45;8.85
6449;29/03/2024;4.44;50.45;12.15
6449;30/03/2024;4.44;50.45;11.45
6449;31/03/2024;4.44;50.45;5.85
6450;1/03/2024;4.46;51.19;-2.25
6450;2/03/2024;4.46;51.19;2.25
6450;3/03/2024;4.46;51.19;10.45
6450;4/03/2024;4.46;51.19;9.95
6450;5/03/2024;4.46;51.19;9.65
6450;6/03/2024;4.46;51.19;8.45
6450;7/03/2024;4.46;51.19;6.45
6450;8/03/2024;4.46;51.19;9.75
6450;9/03/2024;4.46;51.19;14.75
6450;10/03/2024;4.46;51.19;13.25
6450;11/03/2024;4.46;51.19;11.15
6450;12/03/2024;4.46;51.19;5.55
6450;13/03/2024;4.46;51.19;11.15
6450;14/03/2024;4.46;51.19;8.95
6450;15/03/2024;4.46;51.19;10.25
6450;16/03/2024;4.46;51.19;-1.65
6450;17/03/2024;4.46;51.19;0.25
6450;18/03/2024;4.46;51.19;1.65
6450;19/03/2024;4.46;51.19;7.65
6450;20/03/2024;4.46;51.19;5.95
6450;21/03/2024;4.46;51.19;6.65
6450;22/03/2024;4.46;51.19;7.05
6450;23/03/2024;4.46;51.19;10.05
6450;24/03/2024;4.46;51.19;13.05
6450;25/03/2024;4.46;51.19;10.95
6450;26/03/2024;4.46;51.19;6.95
6450;27/03/2024;4.46;51.19;6.75
6450;28/03/2024;4.46;51.19;10.05
6450;29/03/2024;4.46;51.19;12.95
6450;30/03/2024;4.46;51.19;11.15
6450;31/03/2024;4.46;51.19;6.75
6451;1/03/2024;4.53;50.9;-2.65
6451;2/03/2024;4.53;50.9;2.45
6451;3/03/2024;4.53;50.9;10.05
6451;4/03/2024;4.53;50.9;9.05
6451;5/03/2024;4.53;50.9;9.15
6451;6/03/2024;4.53;50.9;7.35
6451;7/03/2024;4.53;50.9;5.85
6451;8/03/2024;4.53;50.9;8.35
6451;9/03/2024;4.53;50.9;13.65
6451;10/03/2024;4.53;50.9;13.65
6451;11/03/2024;4.53;50.9;12.15
6451;12/03/2024;4.53;50.9;5.05
6451;13/03/2024;4.53;50.9;11.55
6451;14/03/2024;4.53;50.9;7.75
6451;15/03/2024;4.53;50.9;10.55
6451;16/03/2024;4.53;50.9;-1.95
6451;17/03/2024;4.53;50.9;-1.55
6451;18/03/2024;4.53;50.9;0.15
6451;19/03/2024;4.53;50.9;7.15
6451;20/03/2024;4.53;50.9;5.25
6451;21/03/2024;4.53;50.9;6.05
6451;22/03/2024;4.53;50.9;6.95
6451;23/03/2024;4.53;50.9;9.65
6451;24/03/2024;4.53;50.9;11.95
6451;25/03/2024;4.53;50.9;10.15
6451;26/03/2024;4.53;50.9;6.65
6451;27/03/2024;4.53;50.9;6.65
6451;28/03/2024;4.53;50.9;8.45
6451;29/03/2024;4.53;50.9;12.45
6451;30/03/2024;4.53;50.9;11.65
6451;31/03/2024;4.53;50.9;6.65
6456;1/03/2024;4.65;50.23;-1.55
6456;2/03/2024;4.65;50.23;7.05
6456;3/03/2024;4.65;50.23;9.55
6456;4/03/2024;4.65;50.23;9.45
6456;5/03/2024;4.65;50.23;8.55
6456;6/03/2024;4.65;50.23;4.45
6456;7/03/2024;4.65;50.23;4.85
6456;8/03/2024;4.65;50.23;6.45
6456;9/03/2024;4.65;50.23;10.85
6456;10/03/2024;4.65;50.23;11.15
6456;11/03/2024;4.65;50.23;10.65
6456;12/03/2024;4.65;50.23;4.05
6456;13/03/2024;4.65;50.23;9.75
6456;14/03/2024;4.65;50.23;7.05
6456;15/03/2024;4.65;50.23;7.15
6456;16/03/2024;4.65;50.23;-1.35
6456;17/03/2024;4.65;50.23;-1.85
6456;18/03/2024;4.65;50.23;-0.35
6456;19/03/2024;4.65;50.23;4.65
6456;20/03/2024;4.65;50.23;3.15
6456;21/03/2024;4.65;50.23;4.15
6456;22/03/2024;4.65;50.23;4.65
6456;23/03/2024;4.65;50.23;10.35
6456;24/03/2024;4.65;50.23;10.75
6456;25/03/2024;4.65;50.23;8.55
6456;26/03/2024;4.65;50.23;5.15
6456;27/03/2024;4.65;50.23;6.05
6456;28/03/2024;4.65;50.23;7.25
6456;29/03/2024;4.65;50.23;11.35
6456;30/03/2024;4.65;50.23;9.95
6456;31/03/2024;4.65;50.23;6.05
6458;1/03/2024;4.76;50.75;-3.05
6458;2/03/2024;4.76;50.75;1.75
6458;3/03/2024;4.76;50.75;13.55
6458;4/03/2024;4.76;50.75;9.85
6458;5/03/2024;4.76;50.75;9.05
6458;6/03/2024;4.76;50.75;7.35
6458;7/03/2024;4.76;50.75;5.55
6458;8/03/2024;4.76;50.75;8.05
6458;9/03/2024;4.76;50.75;13.65
6458;10/03/2024;4.76;50.75;13.15
6458;11/03/2024;4.76;50.75;10.95
6458;12/03/2024;4.76;50.75;4.85
6458;13/03/2024;4.76;50.75;11.45
6458;14/03/2024;4.76;50.75;8.65
6458;15/03/2024;4.76;50.75;10.95
6458;16/03/2024;4.76;50.75;-2.25
6458;17/03/2024;4.76;50.75;-2.15
6458;18/03/2024;4.76;50.75;-0.45
6458;19/03/2024;4.76;50.75;6.95
6458;20/03/2024;4.76;50.75;5.35
6458;21/03/2024;4.76;50.75;5.75
6458;22/03/2024;4.76;50.75;6.15
6458;23/03/2024;4.76;50.75;9.95
6458;24/03/2024;4.76;50.75;11.55
6458;25/03/2024;4.76;50.75;10.05
6458;26/03/2024;4.76;50.75;6.45
6458;27/03/2024;4.76;50.75;6.65
6458;28/03/2024;4.76;50.75;8.55
6458;29/03/2024;4.76;50.75;12.75
6458;30/03/2024;4.76;50.75;12.15
6458;31/03/2024;4.76;50.75;6.55
6459;1/03/2024;4.69;50.58;-3.15
6459;2/03/2024;4.69;50.58;3.05
6459;3/03/2024;4.69;50.58;10.25
6459;4/03/2024;4.69;50.58;9.35
6459;5/03/2024;4.69;50.58;8.35
6459;6/03/2024;4.69;50.58;6.15
6459;7/03/2024;4.69;50.58;5.35
6459;8/03/2024;4.69;50.58;7.55
6459;9/03/2024;4.69;50.58;12.65
6459;10/03/2024;4.69;50.58;12.35
6459;11/03/2024;4.69;50.58;9.85
6459;12/03/2024;4.69;50.58;4.95
6459;13/03/2024;4.69;50.58;10.75
6459;14/03/2024;4.69;50.58;8.05
6459;15/03/2024;4.69;50.58;10.45
6459;16/03/2024;4.69;50.58;-2.05
6459;17/03/2024;4.69;50.58;-2.15
6459;18/03/2024;4.69;50.58;-0.25
6459;19/03/2024;4.69;50.58;5.45
6459;20/03/2024;4.69;50.58;4.55
6459;21/03/2024;4.69;50.58;5.15
6459;22/03/2024;4.69;50.58;5.55
6459;23/03/2024;4.69;50.58;10.05
6459;24/03/2024;4.69;50.58;10.95
6459;25/03/2024;4.69;50.58;10.15
6459;26/03/2024;4.69;50.58;6.15
6459;27/03/2024;4.69;50.58;6.85
6459;29/03/2024;4.69;50.58;12.35
6459;30/03/2024;4.69;50.58;10.85
6459;31/03/2024;4.69;50.58;5.75
6465;1/03/2024;5.06;51;-1.45
6465;2/03/2024;5.06;51;2.85
6465;3/03/2024;5.06;51;11.35
6465;4/03/2024;5.06;51;9.25
6465;5/03/2024;5.06;51;10.15
6465;6/03/2024;5.06;51;7.55
6465;7/03/2024;5.06;51;6.05
6465;8/03/2024;5.06;51;8.55
6465;9/03/2024;5.06;51;14.35
6465;10/03/2024;5.06;51;13.65
6465;11/03/2024;5.06;51;12.15
6465;12/03/2024;5.06;51;5.25
6465;13/03/2024;5.06;51;11.15
6465;14/03/2024;5.06;51;9.55
6465;15/03/2024;5.06;51;10.35
6465;16/03/2024;5.06;51;-2.15
6465;17/03/2024;5.06;51;-1.95
6465;18/03/2024;5.06;51;1.55
6465;19/03/2024;5.06;51;7.45
6465;20/03/2024;5.06;51;6.35
6465;21/03/2024;5.06;51;6.35
6465;22/03/2024;5.06;51;6.55
6465;23/03/2024;5.06;51;11.35
6465;24/03/2024;5.06;51;12.55
6465;25/03/2024;5.06;51;10.55
6465;26/03/2024;5.06;51;7.15
6465;27/03/2024;5.06;51;6.65
6465;28/03/2024;5.06;51;8.55
6465;29/03/2024;5.06;51;14.35
6465;30/03/2024;5.06;51;12.15
6465;31/03/2024;5.06;51;7.55
6476;1/03/2024;5.4;50.04;-4.65
6476;2/03/2024;5.4;50.04;2.05
6476;3/03/2024;5.4;50.04;4.05
6476;4/03/2024;5.4;50.04;5.95
6476;5/03/2024;5.4;50.04;5.85
6476;6/03/2024;5.4;50.04;1.95
6476;7/03/2024;5.4;50.04;3.55
6476;8/03/2024;5.4;50.04;5.25
6476;9/03/2024;5.4;50.04;8.25
6476;10/03/2024;5.4;50.04;8.85
6476;11/03/2024;5.4;50.04;6.85
6476;12/03/2024;5.4;50.04;2.55
6476;13/03/2024;5.4;50.04;7.65
6476;14/03/2024;5.4;50.04;4.85
6476;15/03/2024;5.4;50.04;6.95
6476;16/03/2024;5.4;50.04;-1.85
6476;17/03/2024;5.4;50.04;-4.55
6476;18/03/2024;5.4;50.04;-2.35
6476;19/03/2024;5.4;50.04;0.05
6476;20/03/2024;5.4;50.04;1.45
6476;21/03/2024;5.4;50.04;-0.15
6476;22/03/2024;5.4;50.04;0.95
6476;23/03/2024;5.4;50.04;7.85
6476;24/03/2024;5.4;50.04;8.55
6476;25/03/2024;5.4;50.04;7.15
6476;26/03/2024;5.4;50.04;3.25
6476;27/03/2024;5.4;50.04;4.75
6476;28/03/2024;5.4;50.04;6.25
6476;29/03/2024;5.4;50.04;9.45
6476;30/03/2024;5.4;50.04;7.95
6476;31/03/2024;5.4;50.04;3.05
6478;1/03/2024;5.46;50.65;-2.45
6478;2/03/2024;5.46;50.65;4.45
6478;3/03/2024;5.46;50.65;11.65
6478;5/03/2024;5.46;50.65;8.25
6478;6/03/2024;5.46;50.65;6.65
6478;7/03/2024;5.46;50.65;6.75
6478;8/03/2024;5.46;50.65;7.45
6478;9/03/2024;5.46;50.65;13.15
6478;10/03/2024;5.46;50.65;13.15
6478;11/03/2024;5.46;50.65;11.25
6478;12/03/2024;5.46;50.65;4.65
6478;13/03/2024;5.46;50.65;10.95
6478;14/03/2024;5.46;50.65;9.25
6478;15/03/2024;5.46;50.65;10.45
6478;16/03/2024;5.46;50.65;-1.95
6478;17/03/2024;5.46;50.65;-2.85
6478;18/03/2024;5.46;50.65;-0.05
6478;19/03/2024;5.46;50.65;5.65
6478;20/03/2024;5.46;50.65;2.75
6478;21/03/2024;5.46;50.65;4.65
6478;22/03/2024;5.46;50.65;4.35
6478;23/03/2024;5.46;50.65;10.85
6478;24/03/2024;5.46;50.65;11.15
6478;25/03/2024;5.46;50.65;8.45
6478;26/03/2024;5.46;50.65;7.05
6478;27/03/2024;5.46;50.65;6.55
6478;28/03/2024;5.46;50.65;8.85
6478;29/03/2024;5.46;50.65;12.85
6478;30/03/2024;5.46;50.65;11.15
6478;31/03/2024;5.46;50.65;6.75
6479;1/03/2024;5.46;51.17;-2.45
6479;2/03/2024;5.46;51.17;1.45
6479;3/03/2024;5.46;51.17;10.65
6479;4/03/2024;5.46;51.17;9.25
6479;5/03/2024;5.46;51.17;9.05
6479;6/03/2024;5.46;51.17;8.55
6479;7/03/2024;5.46;51.17;5.95
6479;8/03/2024;5.46;51.17;10.05
6479;9/03/2024;5.46;51.17;14.95
6479;10/03/2024;5.46;51.17;15.05
6479;11/03/2024;5.46;51.17;12.15
6479;12/03/2024;5.46;51.17;5.05
6479;13/03/2024;5.46;51.17;10.65
6479;14/03/2024;5.46;51.17;9.45
6479;15/03/2024;5.46;51.17;8.35
6479;16/03/2024;5.46;51.17;-2.25
6479;17/03/2024;5.46;51.17;-1.85
6479;18/03/2024;5.46;51.17;1.65
6479;19/03/2024;5.46;51.17;8.85
6479;20/03/2024;5.46;51.17;5.55
6479;21/03/2024;5.46;51.17;6.05
6479;22/03/2024;5.46;51.17;6.35
6479;23/03/2024;5.46;51.17;10.95
6479;24/03/2024;5.46;51.17;13.35
6479;25/03/2024;5.46;51.17;11.05
6479;26/03/2024;5.46;51.17;8.05
6479;27/03/2024;5.46;51.17;6.85
6479;28/03/2024;5.46;51.17;10.25
6479;29/03/2024;5.46;51.17;12.85
6479;30/03/2024;5.46;51.17;13.05
6479;31/03/2024;5.46;51.17;6.95
6490;1/03/2024;5.91;50.48;-4.15
6490;2/03/2024;5.91;50.48;3.15
6490;3/03/2024;5.91;50.48;6.25
6490;4/03/2024;5.91;50.48;6.15
6490;5/03/2024;5.91;50.48;7.55
6490;6/03/2024;5.91;50.48;4.95
6490;7/03/2024;5.91;50.48;4.45
6490;8/03/2024;5.91;50.48;5.55
6490;9/03/2024;5.91;50.48;10.05
6490;10/03/2024;5.91;50.48;10.95
6490;11/03/2024;5.91;50.48;8.75
6490;12/03/2024;5.91;50.48;2.75
6490;13/03/2024;5.91;50.48;7.35
6490;14/03/2024;5.91;50.48;7.05
6490;15/03/2024;5.91;50.48;6.75
6490;16/03/2024;5.91;50.48;-2.75
6490;17/03/2024;5.91;50.48;-4.45
6490;18/03/2024;5.91;50.48;-0.25
6490;19/03/2024;5.91;50.48;0.85
6490;20/03/2024;5.91;50.48;0.25
6490;21/03/2024;5.91;50.48;0.95
6490;22/03/2024;5.91;50.48;2.35
6490;23/03/2024;5.91;50.48;8.15
6490;24/03/2024;5.91;50.48;9.65
6490;25/03/2024;5.91;50.48;6.65
6490;26/03/2024;5.91;50.48;5.15
6490;27/03/2024;5.91;50.48;4.95
6490;28/03/2024;5.91;50.48;5.75
6490;29/03/2024;5.91;50.48;10.25
6490;30/03/2024;5.91;50.48;8.35
6490;31/03/2024;5.91;50.48;3.75
6494;1/03/2024;6.07;50.51;-4.95
6494;2/03/2024;6.07;50.51;3.65
6494;3/03/2024;6.07;50.51;5.45
6494;4/03/2024;6.07;50.51;4.35
6494;5/03/2024;6.07;50.51;6.35
6494;6/03/2024;6.07;50.51;1.85
6494;7/03/2024;6.07;50.51;2.35
6494;8/03/2024;6.07;50.51;3.15
6494;9/03/2024;6.07;50.51;7.65
6494;10/03/2024;6.07;50.51;8.85
6494;11/03/2024;6.07;50.51;6.85
6494;14/03/2024;6.07;50.51;5.85
6494;15/03/2024;6.07;50.51;4.95
6494;20/03/2024;6.07;50.51;0.45
6494;23/03/2024;6.07;50.51;7.25
6494;25/03/2024;6.07;50.51;5.65
6494;26/03/2024;6.07;50.51;3.25
6494;30/03/2024;6.07;50.51;6.35
6494;31/03/2024;6.07;50.51;1.75
6496;1/03/2024;6.18;50.48;-4.45
6496;2/03/2024;6.18;50.48;3.55
6496;3/03/2024;6.18;50.48;6.55
6496;4/03/2024;6.18;50.48;5.55
6496;5/03/2024;6.18;50.48;6.95
6496;6/03/2024;6.18;50.48;2.95
6496;7/03/2024;6.18;50.48;3.25
6496;8/03/2024;6.18;50.48;4.45
6496;9/03/2024;6.18;50.48;8.55
6496;10/03/2024;6.18;50.48;10.05
6496;11/03/2024;6.18;50.48;8.15
6496;12/03/2024;6.18;50.48;2.55
6496;13/03/2024;6.18;50.48;8.05
6496;14/03/2024;6.18;50.48;6.85
6496;15/03/2024;6.18;50.48;6.45
6496;16/03/2024;6.18;50.48;-4.45
6496;17/03/2024;6.18;50.48;-5.65
6496;18/03/2024;6.18;50.48;-1.25
6496;19/03/2024;6.18;50.48;0.15
6496;20/03/2024;6.18;50.48;2.25
6496;21/03/2024;6.18;50.48;1.15
6496;22/03/2024;6.18;50.48;1.75
6496;23/03/2024;6.18;50.48;7.65
6496;24/03/2024;6.18;50.48;8.65
6496;25/03/2024;6.18;50.48;6.25
6496;26/03/2024;6.18;50.48;4.55
6496;27/03/2024;6.18;50.48;3.95
6496;28/03/2024;6.18;50.48;4.35
6496;29/03/2024;6.18;50.48;9.85
6496;30/03/2024;6.18;50.48;5.95
6496;31/03/2024;6.18;50.48;2.75
6590;1/03/2024;6.22;49.62;-4.15
6590;2/03/2024;6.22;49.62;-2.55
6590;3/03/2024;6.22;49.62;5.65
6590;4/03/2024;6.22;49.62;7.75
6590;5/03/2024;6.22;49.62;8.65
6590;6/03/2024;6.22;49.62;4.15
6590;7/03/2024;6.22;49.62;7.15
6590;8/03/2024;6.22;49.62;5.95
6590;9/03/2024;6.22;49.62;10.15
6590;10/03/2024;6.22;49.62;10.45
6590;11/03/2024;6.22;49.62;10.15
6590;12/03/2024;6.22;49.62;5.75
6590;13/03/2024;6.22;49.62;9.35
6590;14/03/2024;6.22;49.62;6.65
6590;15/03/2024;6.22;49.62;8.95
6590;16/03/2024;6.22;49.62;-0.65
6590;17/03/2024;6.22;49.62;-3.75
6590;18/03/2024;6.22;49.62;0.25
6590;19/03/2024;6.22;49.62;1.45
6590;20/03/2024;6.22;49.62;5.15
6590;21/03/2024;6.22;49.62;0.95
6590;22/03/2024;6.22;49.62;4.05
6590;23/03/2024;6.22;49.62;8.65
6590;24/03/2024;6.22;49.62;10.95
6590;25/03/2024;6.22;49.62;9.75
6590;26/03/2024;6.22;49.62;5.85
6590;27/03/2024;6.22;49.62;6.05
6590;28/03/2024;6.22;49.62;5.45
6590;29/03/2024;6.22;49.62;10.35
6590;30/03/2024;6.22;49.62;8.45
6590;31/03/2024;6.22;49.62;5.65
7015;1/03/2024;3.1;50.57;-1.55
7015;2/03/2024;3.1;50.57;7.85
7015;3/03/2024;3.1;50.57;8.05
7015;4/03/2024;3.1;50.57;9.25
7015;5/03/2024;3.1;50.57;10.85
7015;6/03/2024;3.1;50.57;6.95
7015;7/03/2024;3.1;50.57;7.15
7015;8/03/2024;3.1;50.57;7.35
7015;9/03/2024;3.1;50.57;12.35
7015;10/03/2024;3.1;50.57;13.75
7015;11/03/2024;3.1;50.57;12.45
7015;12/03/2024;3.1;50.57;6.75
7015;13/03/2024;3.1;50.57;11.45
7015;14/03/2024;3.1;50.57;8.75
7015;15/03/2024;3.1;50.57;11.25
7015;16/03/2024;3.1;50.57;-0.75
7015;17/03/2024;3.1;50.57;-0.15
7015;18/03/2024;3.1;50.57;1.95
7015;19/03/2024;3.1;50.57;7.45
7015;20/03/2024;3.1;50.57;6.75
7015;21/03/2024;3.1;50.57;6.65
7015;22/03/2024;3.1;50.57;6.25
7015;23/03/2024;3.1;50.57;10.65
7015;24/03/2024;3.1;50.57;12.15
7015;25/03/2024;3.1;50.57;11.55
7015;26/03/2024;3.1;50.57;6.95
7015;27/03/2024;3.1;50.57;7.65
7015;28/03/2024;3.1;50.57;10.45
7015;29/03/2024;3.1;50.57;11.05
7015;30/03/2024;3.1;50.57;9.75
7015;31/03/2024;3.1;50.57;6.65
7061;1/03/2024;3.21;49.82;-0.55
7061;2/03/2024;3.21;49.82;3.95
7061;3/03/2024;3.21;49.82;6.55
7061;4/03/2024;3.21;49.82;11.05
7061;5/03/2024;3.21;49.82;9.55
7061;6/03/2024;3.21;49.82;5.45
7061;7/03/2024;3.21;49.82;6.65
7061;8/03/2024;3.21;49.82;7.85
7061;9/03/2024;3.21;49.82;11.95
7061;10/03/2024;3.21;49.82;14.75
7061;11/03/2024;3.21;49.82;11.55
7061;12/03/2024;3.21;49.82;6.95
7061;13/03/2024;3.21;49.82;12.25
7061;14/03/2024;3.21;49.82;8.25
7061;15/03/2024;3.21;49.82;12.25
7061;16/03/2024;3.21;49.82;0.65
7061;17/03/2024;3.21;49.82;-0.15
7061;18/03/2024;3.21;49.82;0.15
7061;19/03/2024;3.21;49.82;6.05
7061;20/03/2024;3.21;49.82;5.35
7061;21/03/2024;3.21;49.82;6.65
7061;22/03/2024;3.21;49.82;6.15
7061;23/03/2024;3.21;49.82;10.95
7061;24/03/2024;3.21;49.82;12.75
7061;25/03/2024;3.21;49.82;11.75
7061;26/03/2024;3.21;49.82;6.65
7061;27/03/2024;3.21;49.82;10.05
7061;28/03/2024;3.21;49.82;9.95
7061;29/03/2024;3.21;49.82;12.05
7061;30/03/2024;3.21;49.82;10.55
7061;31/03/2024;3.21;49.82;8.95
7075;1/03/2024;4.64;49.78;-0.95
7075;2/03/2024;4.64;49.78;5.75
7075;3/03/2024;4.64;49.78;6.95
7075;4/03/2024;4.64;49.78;10.45
7075;5/03/2024;4.64;49.78;7.35
7075;6/03/2024;4.64;49.78;6.05
7075;7/03/2024;4.64;49.78;7.05
7075;8/03/2024;4.64;49.78;7.75
7075;9/03/2024;4.64;49.78;11.85
7075;10/03/2024;4.64;49.78;13.65
7075;11/03/2024;4.64;49.78;10.05
7075;12/03/2024;4.64;49.78;6.65
7075;13/03/2024;4.64;49.78;11.65
7075;14/03/2024;4.64;49.78;7.45
7075;15/03/2024;4.64;49.78;10.35
7075;16/03/2024;4.64;49.78;3.85
7075;17/03/2024;4.64;49.78;0.25
7075;18/03/2024;4.64;49.78;0.45
7075;19/03/2024;4.64;49.78;4.95
7075;20/03/2024;4.64;49.78;6.65
7075;21/03/2024;4.64;49.78;4.85
7075;22/03/2024;4.64;49.78;6.35
7075;23/03/2024;4.64;49.78;12.25
7075;24/03/2024;4.64;49.78;14.55
7075;25/03/2024;4.64;49.78;11.65
7075;26/03/2024;4.64;49.78;6.45
7075;27/03/2024;4.64;49.78;7.95
7075;28/03/2024;4.64;49.78;10.35
7075;29/03/2024;4.64;49.78;12.35
7075;30/03/2024;4.64;49.78;12.85
7075;31/03/2024;4.64;49.78;7.65
10500;1/04/2024;6.04;50.96;14.95
10500;3/04/2024;6.04;50.96;14.05
10500;4/04/2024;6.04;50.96;7.45
10500;5/04/2024;6.04;50.96;13.65
10500;8/04/2024;6.04;50.96;16.35
10500;9/04/2024;6.04;50.96;17.95
10500;10/04/2024;6.04;50.96;11.05
10500;11/04/2024;6.04;50.96;14.25
10500;12/04/2024;6.04;50.96;14.25
10500;15/04/2024;6.04;50.96;16.85
10500;16/04/2024;6.04;50.96;20.25
10500;17/04/2024;6.04;50.96;22.75
10500;18/04/2024;6.04;50.96;26.25
10500;19/04/2024;6.04;50.96;27.15
10500;22/04/2024;6.04;50.96;18.25
10500;23/04/2024;6.04;50.96;14.45
10500;24/04/2024;6.04;50.96;15.85
10500;25/04/2024;6.04;50.96;12.65
10500;26/04/2024;6.04;50.96;16.75
10505;1/04/2024;6.02;50.8;10.45
10505;2/04/2024;6.02;50.8;13.95
10505;3/04/2024;6.02;50.8;12.65
10505;4/04/2024;6.02;50.8;6.45
10505;5/04/2024;6.02;50.8;13.25
10505;6/04/2024;6.02;50.8;19.65
10505;7/04/2024;6.02;50.8;21.05
10505;8/04/2024;6.02;50.8;14.25
10505;9/04/2024;6.02;50.8;16.35
10505;10/04/2024;6.02;50.8;10.35
10505;11/04/2024;6.02;50.8;13.85
10505;12/04/2024;6.02;50.8;13.25
10505;13/04/2024;6.02;50.8;16.45
10505;14/04/2024;6.02;50.8;16.55
10505;15/04/2024;6.02;50.8;15.35
10505;16/04/2024;6.02;50.8;19.15
10505;17/04/2024;6.02;50.8;21.85
10505;18/04/2024;6.02;50.8;25.65
10505;19/04/2024;6.02;50.8;25.05
10505;20/04/2024;6.02;50.8;20.65
10505;21/04/2024;6.02;50.8;23.35
10505;22/04/2024;6.02;50.8;16.35
10505;23/04/2024;6.02;50.8;13.55
10505;24/04/2024;6.02;50.8;13.25
10505;25/04/2024;6.02;50.8;11.25
10505;26/04/2024;6.02;50.8;15.35
10505;27/04/2024;6.02;50.8;14.25
10505;28/04/2024;6.02;50.8;14.55
10505;29/04/2024;6.02;50.8;11.85
10505;30/04/2024;6.02;50.8;10.05
6310;1/04/2024;3.6;51.44;9.55
6310;2/04/2024;3.6;51.44;12.35
6310;3/04/2024;3.6;51.44;12.45
6310;4/04/2024;3.6;51.44;7.35
6310;5/04/2024;3.6;51.44;11.05
6310;6/04/2024;3.6;51.44;14.85
6310;7/04/2024;3.6;51.44;14.25
6310;8/04/2024;3.6;51.44;13.45
6310;9/04/2024;3.6;51.44;15.65
6310;10/04/2024;3.6;51.44;13.25
6310;11/04/2024;3.6;51.44;10.25
6310;12/04/2024;3.6;51.44;10.75
6310;13/04/2024;3.6;51.44;12.15
6310;14/04/2024;3.6;51.44;15.55
6310;15/04/2024;3.6;51.44;12.05
6310;16/04/2024;3.6;51.44;15.25
6310;17/04/2024;3.6;51.44;20.55
6310;18/04/2024;3.6;51.44;21.95
6310;19/04/2024;3.6;51.44;19.15
6310;20/04/2024;3.6;51.44;16.85
6310;21/04/2024;3.6;51.44;23.45
6310;22/04/2024;3.6;51.44;11.85
6310;23/04/2024;3.6;51.44;12.55
6310;24/04/2024;3.6;51.44;12.35
6310;25/04/2024;3.6;51.44;11.75
6310;26/04/2024;3.6;51.44;14.55
6310;27/04/2024;3.6;51.44;13.05
6310;28/04/2024;3.6;51.44;11.05
6310;29/04/2024;3.6;51.44;10.45
6310;30/04/2024;3.6;51.44;10.85
6319;1/04/2024;3.86;51.22;11.35
6319;2/04/2024;3.86;51.22;16.15
6319;3/04/2024;3.86;51.22;14.95
6319;4/04/2024;3.86;51.22;8.05
6319;5/04/2024;3.86;51.22;12.95
6319;6/04/2024;3.86;51.22;19.35
6319;7/04/2024;3.86;51.22;18.95
6319;8/04/2024;3.86;51.22;15.55
6319;9/04/2024;3.86;51.22;18.85
6319;10/04/2024;3.86;51.22;12.75
6319;11/04/2024;3.86;51.22;11.15
6319;12/04/2024;3.86;51.22;14.15
6319;13/04/2024;3.86;51.22;15.45
6319;14/04/2024;3.86;51.22;16.45
6319;15/04/2024;3.86;51.22;15.25
6319;16/04/2024;3.86;51.22;18.15
6319;17/04/2024;3.86;51.22;22.75
6319;18/04/2024;3.86;51.22;25.35
6319;19/04/2024;3.86;51.22;25.15
6319;20/04/2024;3.86;51.22;21.85
6319;21/04/2024;3.86;51.22;25.15
6319;22/04/2024;3.86;51.22;15.85
6319;23/04/2024;3.86;51.22;14.55
6319;24/04/2024;3.86;51.22;13.25
6319;25/04/2024;3.86;51.22;14.15
6319;26/04/2024;3.86;51.22;15.75
6319;27/04/2024;3.86;51.22;13.85
6319;28/04/2024;3.86;51.22;11.55
6319;29/04/2024;3.86;51.22;11.15
6319;30/04/2024;3.86;51.22;12.45
6340;1/04/2024;4.34;51.45;11.85
6340;2/04/2024;4.34;51.45;15.95
6340;3/04/2024;4.34;51.45;14.15
6340;4/04/2024;4.34;51.45;7.25
6340;5/04/2024;4.34;51.45;13.45
6340;6/04/2024;4.34;51.45;19.65
6340;7/04/2024;4.34;51.45;20.75
6340;8/04/2024;4.34;51.45;15.55
6340;9/04/2024;4.34;51.45;18.25
6340;10/04/2024;4.34;51.45;12.65
6340;11/04/2024;4.34;51.45;11.15
6340;12/04/2024;4.34;51.45;14.25
6340;13/04/2024;4.34;51.45;14.85
6340;14/04/2024;4.34;51.45;16.85
6340;15/04/2024;4.34;51.45;14.35
6340;16/04/2024;4.34;51.45;18.15
6340;17/04/2024;4.34;51.45;22.65
6340;18/04/2024;4.34;51.45;26.25
6340;19/04/2024;4.34;51.45;24.65
6340;20/04/2024;4.34;51.45;21.35
6340;21/04/2024;4.34;51.45;25.35
6340;22/04/2024;4.34;51.45;14.95
6340;23/04/2024;4.34;51.45;14.65
6340;24/04/2024;4.34;51.45;13.75
6340;25/04/2024;4.34;51.45;12.75
6340;26/04/2024;4.34;51.45;14.05
6340;27/04/2024;4.34;51.45;13.35
6340;28/04/2024;4.34;51.45;11.35
6340;29/04/2024;4.34;51.45;11.95
6340;30/04/2024;4.34;51.45;12.25
6370;1/04/2024;5.38;51.45;12.15
6370;2/04/2024;5.38;51.45;15.75
6370;3/04/2024;5.38;51.45;13.25
6370;4/04/2024;5.38;51.45;7.85
6370;5/04/2024;5.38;51.45;12.65
6370;6/04/2024;5.38;51.45;21.05
6370;7/04/2024;5.38;51.45;22.55
6370;8/04/2024;5.38;51.45;17.95
6370;9/04/2024;5.38;51.45;17.45
6370;10/04/2024;5.38;51.45;11.95
6370;11/04/2024;5.38;51.45;12.45
6370;12/04/2024;5.38;51.45;14.55
6370;13/04/2024;5.38;51.45;15.65
6370;14/04/2024;5.38;51.45;17.25
6370;15/04/2024;5.38;51.45;15.25
6370;16/04/2024;5.38;51.45;20.25
6370;17/04/2024;5.38;51.45;23.55
6370;18/04/2024;5.38;51.45;27.25
6370;19/04/2024;5.38;51.45;27.35
6370;20/04/2024;5.38;51.45;21.95
6370;21/04/2024;5.38;51.45;25.65
6370;22/04/2024;5.38;51.45;16.15
6370;23/04/2024;5.38;51.45;13.65
6370;24/04/2024;5.38;51.45;14.15
6370;25/04/2024;5.38;51.45;12.55
6370;26/04/2024;5.38;51.45;15.35
6370;27/04/2024;5.38;51.45;14.65
6370;28/04/2024;5.38;51.45;12.15
6370;29/04/2024;5.38;51.45;12.95
6370;30/04/2024;5.38;51.45;12.15
6377;1/04/2024;5.76;51.2;11.95
6377;2/04/2024;5.76;51.2;14.75
6377;3/04/2024;5.76;51.2;13.25
6377;4/04/2024;5.76;51.2;6.25
6377;5/04/2024;5.76;51.2;12.45
6377;6/04/2024;5.76;51.2;20.15
6377;7/04/2024;5.76;51.2;21.35
6377;8/04/2024;5.76;51.2;16.65
6377;9/04/2024;5.76;51.2;17.95
6377;10/04/2024;5.76;51.2;10.05
6377;11/04/2024;5.76;51.2;13.95
6377;12/04/2024;5.76;51.2;14.15
6377;13/04/2024;5.76;51.2;15.95
6377;14/04/2024;5.76;51.2;16.95
6377;15/04/2024;5.76;51.2;15.35
6377;16/04/2024;5.76;51.2;19.25
6377;17/04/2024;5.76;51.2;22.45
6377;18/04/2024;5.76;51.2;26.05
6377;19/04/2024;5.76;51.2;26.65
6377;20/04/2024;5.76;51.2;21.85
6377;21/04/2024;5.76;51.2;22.15
6377;22/04/2024;5.76;51.2;17.75
6377;23/04/2024;5.76;51.2;13.45
6377;24/04/2024;5.76;51.2;14.45
6377;25/04/2024;5.76;51.2;10.25
6377;26/04/2024;5.76;51.2;16.15
6377;27/04/2024;5.76;51.2;16.15
6377;28/04/2024;5.76;51.2;14.05
6377;29/04/2024;5.76;51.2;14.95
6377;30/04/2024;5.76;51.2;12.05
6380;1/04/2024;5.76;50.91;11.35
6380;2/04/2024;5.76;50.91;14.85
6380;3/04/2024;5.76;50.91;12.85
6380;4/04/2024;5.76;50.91;6.55
6380;5/04/2024;5.76;50.91;14.85
6380;6/04/2024;5.76;50.91;21.15
6380;7/04/2024;5.76;50.91;21.95
6380;8/04/2024;5.76;50.91;15.15
6380;9/04/2024;5.76;50.91;16.45
6380;10/04/2024;5.76;50.91;10.75
6380;11/04/2024;5.76;50.91;14.45
6380;12/04/2024;5.76;50.91;14.05
6380;13/04/2024;5.76;50.91;16.85
6380;14/04/2024;5.76;50.91;17.85
6380;15/04/2024;5.76;50.91;15.85
6380;16/04/2024;5.76;50.91;19.55
6380;17/04/2024;5.76;50.91;23.25
6380;18/04/2024;5.76;50.91;27.85
6380;19/04/2024;5.76;50.91;26.45
6380;20/04/2024;5.76;50.91;22.35
6380;21/04/2024;5.76;50.91;22.85
6380;22/04/2024;5.76;50.91;17.85
6380;23/04/2024;5.76;50.91;13.65
6380;24/04/2024;5.76;50.91;13.75
6380;25/04/2024;5.76;50.91;14.25
6380;26/04/2024;5.76;50.91;16.05
6380;27/04/2024;5.76;50.91;14.75
6380;28/04/2024;5.76;50.91;16.05
6380;29/04/2024;5.76;50.91;11.25
6380;30/04/2024;5.76;50.91;11.65
6391;1/04/2024;6.2;51.5;11.75
6391;2/04/2024;6.2;51.5;15.55
6391;3/04/2024;6.2;51.5;14.15
6391;4/04/2024;6.2;51.5;6.65
6391;5/04/2024;6.2;51.5;12.95
6391;6/04/2024;6.2;51.5;18.95
6391;7/04/2024;6.2;51.5;22.35
6391;8/04/2024;6.2;51.5;16.85
6391;9/04/2024;6.2;51.5;18.65
6391;10/04/2024;6.2;51.5;14.05
6391;11/04/2024;6.2;51.5;14.75
6391;12/04/2024;6.2;51.5;15.05
6391;13/04/2024;6.2;51.5;16.75
6391;14/04/2024;6.2;51.5;19.05
6391;15/04/2024;6.2;51.5;17.05
6391;16/04/2024;6.2;51.5;20.05
6391;17/04/2024;6.2;51.5;23.45
6391;18/04/2024;6.2;51.5;26.25
6391;19/04/2024;6.2;51.5;27.25
6391;20/04/2024;6.2;51.5;21.35
6391;21/04/2024;6.2;51.5;25.75
6391;22/04/2024;6.2;51.5;17.95
6391;23/04/2024;6.2;51.5;13.05
6391;24/04/2024;6.2;51.5;14.05
6391;25/04/2024;6.2;51.5;14.95
6391;26/04/2024;6.2;51.5;15.75
6391;27/04/2024;6.2;51.5;16.25
6391;28/04/2024;6.2;51.5;14.85
6391;29/04/2024;6.2;51.5;13.55
6391;30/04/2024;6.2;51.5;12.55
6400;1/04/2024;2.65;51.09;11.75
6400;2/04/2024;2.65;51.09;16.15
6400;3/04/2024;2.65;51.09;13.15
6400;4/04/2024;2.65;51.09;6.85
6400;5/04/2024;2.65;51.09;13.45
6400;6/04/2024;2.65;51.09;19.35
6400;7/04/2024;2.65;51.09;11.45
6400;8/04/2024;2.65;51.09;9.35
6400;9/04/2024;2.65;51.09;17.45
6400;10/04/2024;2.65;51.09;14.05
6400;12/04/2024;2.65;51.09;10.65
6400;13/04/2024;2.65;51.09;13.15
6400;14/04/2024;2.65;51.09;14.85
6400;15/04/2024;2.65;51.09;12.25
6400;16/04/2024;2.65;51.09;17.95
6400;17/04/2024;2.65;51.09;22.85
6400;18/04/2024;2.65;51.09;24.45
6400;19/04/2024;2.65;51.09;20.15
6400;20/04/2024;2.65;51.09;19.65
6400;21/04/2024;2.65;51.09;20.65
6400;22/04/2024;2.65;51.09;13.75
6400;23/04/2024;2.65;51.09;14.15
6400;24/04/2024;2.65;51.09;12.05
6400;25/04/2024;2.65;51.09;11.75
6400;26/04/2024;2.65;51.09;15.85
6400;27/04/2024;2.65;51.09;12.75
6400;28/04/2024;2.65;51.09;9.35
6400;29/04/2024;2.65;51.09;9.25
6400;30/04/2024;2.65;51.09;11.75
6407;1/04/2024;2.89;51.2;9.95
6407;2/04/2024;2.89;51.2;15.85
6407;3/04/2024;2.89;51.2;13.75
6407;4/04/2024;2.89;51.2;6.65
6407;5/04/2024;2.89;51.2;12.55
6407;6/04/2024;2.89;51.2;18.35
6407;7/04/2024;2.89;51.2;12.35
6407;8/04/2024;2.89;51.2;8.35
6407;9/04/2024;2.89;51.2;17.45
6407;10/04/2024;2.89;51.2;13.45
6407;11/04/2024;2.89;51.2;9.95
6407;12/04/2024;2.89;51.2;9.55
6407;13/04/2024;2.89;51.2;12.65
6407;14/04/2024;2.89;51.2;15.55
6407;15/04/2024;2.89;51.2;11.15
6407;16/04/2024;2.89;51.2;17.55
6407;17/04/2024;2.89;51.2;21.85
6407;18/04/2024;2.89;51.2;24.05
6407;19/04/2024;2.89;51.2;18.45
6407;20/04/2024;2.89;51.2;19.25
6407;21/04/2024;2.89;51.2;16.35
6407;22/04/2024;2.89;51.2;11.85
6407;23/04/2024;2.89;51.2;12.85
6407;24/04/2024;2.89;51.2;12.65
6407;25/04/2024;2.89;51.2;12.55
6407;26/04/2024;2.89;51.2;14.35
6407;27/04/2024;2.89;51.2;12.15
6407;28/04/2024;2.89;51.2;9.45
6407;29/04/2024;2.89;51.2;9.05
6407;30/04/2024;2.89;51.2;10.85
6414;1/04/2024;3.12;50.9;12.25
6414;2/04/2024;3.12;50.9;15.55
6414;3/04/2024;3.12;50.9;13.45
6414;4/04/2024;3.12;50.9;7.55
6414;5/04/2024;3.12;50.9;13.85
6414;6/04/2024;3.12;50.9;18.75
6414;7/04/2024;3.12;50.9;16.95
6414;8/04/2024;3.12;50.9;13.85
6414;9/04/2024;3.12;50.9;17.85
6414;10/04/2024;3.12;50.9;14.25
6414;11/04/2024;3.12;50.9;12.15
6414;12/04/2024;3.12;50.9;12.85
6414;13/04/2024;3.12;50.9;14.95
6414;14/04/2024;3.12;50.9;15.25
6414;15/04/2024;3.12;50.9;13.55
6414;16/04/2024;3.12;50.9;17.95
6414;17/04/2024;3.12;50.9;22.15
6414;18/04/2024;3.12;50.9;24.35
6414;19/04/2024;3.12;50.9;25.35
6414;20/04/2024;3.12;50.9;21.65
6414;21/04/2024;3.12;50.9;23.75
6414;22/04/2024;3.12;50.9;15.15
6414;23/04/2024;3.12;50.9;14.45
6414;24/04/2024;3.12;50.9;14.25
6414;25/04/2024;3.12;50.9;12.75
6414;26/04/2024;3.12;50.9;14.85
6414;27/04/2024;3.12;50.9;13.15
6414;28/04/2024;3.12;50.9;10.35
6414;29/04/2024;3.12;50.9;9.25
6414;30/04/2024;3.12;50.9;12.05
6428;1/04/2024;3.67;50.94;12.15
6428;2/04/2024;3.67;50.94;15.65
6428;3/04/2024;3.67;50.94;12.65
6428;4/04/2024;3.67;50.94;6.85
6428;5/04/2024;3.67;50.94;13.35
6428;6/04/2024;3.67;50.94;19.05
6428;7/04/2024;3.67;50.94;19.35
6428;8/04/2024;3.67;50.94;15.45
6428;9/04/2024;3.67;50.94;17.85
6428;10/04/2024;3.67;50.94;13.85
6428;11/04/2024;3.67;50.94;11.05
6428;12/04/2024;3.67;50.94;12.55
6428;13/04/2024;3.67;50.94;14.85
6428;14/04/2024;3.67;50.94;15.75
6428;15/04/2024;3.67;50.94;15.55
6428;16/04/2024;3.67;50.94;17.95
6428;17/04/2024;3.67;50.94;22.25
6428;18/04/2024;3.67;50.94;24.25
6428;19/04/2024;3.67;50.94;25.55
6428;20/04/2024;3.67;50.94;21.65
6428;21/04/2024;3.67;50.94;24.65
6428;22/04/2024;3.67;50.94;14.85
6428;23/04/2024;3.67;50.94;13.65
6428;24/04/2024;3.67;50.94;14.85
6428;25/04/2024;3.67;50.94;12.55
6428;26/04/2024;3.67;50.94;15.75
6428;27/04/2024;3.67;50.94;12.65
6428;28/04/2024;3.67;50.94;10.65
6428;29/04/2024;3.67;50.94;9.45
6428;30/04/2024;3.67;50.94;13.15
6431;1/04/2024;3.8;51.18;12.15
6431;2/04/2024;3.8;51.18;16.95
6431;4/04/2024;3.8;51.18;7.35
6431;5/04/2024;3.8;51.18;14.15
6431;6/04/2024;3.8;51.18;21.15
6431;7/04/2024;3.8;51.18;18.75
6431;8/04/2024;3.8;51.18;15.55
6431;9/04/2024;3.8;51.18;20.05
6431;10/04/2024;3.8;51.18;13.45
6431;11/04/2024;3.8;51.18;11.35
6431;12/04/2024;3.8;51.18;14.85
6431;13/04/2024;3.8;51.18;15.05
6431;14/04/2024;3.8;51.18;17.05
6431;15/04/2024;3.8;51.18;15.35
6431;16/04/2024;3.8;51.18;19.55
6431;17/04/2024;3.8;51.18;23.35
6431;18/04/2024;3.8;51.18;25.75
6431;19/04/2024;3.8;51.18;25.35
6431;20/04/2024;3.8;51.18;22.05
6431;21/04/2024;3.8;51.18;26.15
6431;22/04/2024;3.8;51.18;16.75
6431;23/04/2024;3.8;51.18;14.85
6431;24/04/2024;3.8;51.18;14.25
6431;25/04/2024;3.8;51.18;13.85
6431;26/04/2024;3.8;51.18;16.85
6431;27/04/2024;3.8;51.18;14.15
6431;28/04/2024;3.8;51.18;11.35
6431;29/04/2024;3.8;51.18;11.75
6431;30/04/2024;3.8;51.18;12.75
6432;1/04/2024;3.83;50.57;12.15
6432;2/04/2024;3.83;50.57;16.15
6432;3/04/2024;3.83;50.57;12.95
6432;4/04/2024;3.83;50.57;7.55
6432;5/04/2024;3.83;50.57;14.05
6432;6/04/2024;3.83;50.57;19.25
6432;7/04/2024;3.83;50.57;21.25
6432;8/04/2024;3.83;50.57;14.95
6432;9/04/2024;3.83;50.57;18.25
6432;10/04/2024;3.83;50.57;14.35
6432;11/04/2024;3.83;50.57;11.85
6432;12/04/2024;3.83;50.57;14.05
6432;13/04/2024;3.83;50.57;15.35
6432;14/04/2024;3.83;50.57;16.05
6432;15/04/2024;3.83;50.57;14.15
6432;16/04/2024;3.83;50.57;18.25
6432;17/04/2024;3.83;50.57;22.45
6432;18/04/2024;3.83;50.57;25.55
6432;19/04/2024;3.83;50.57;25.55
6432;20/04/2024;3.83;50.57;21.45
6432;21/04/2024;3.83;50.57;24.45
6432;22/04/2024;3.83;50.57;16.25
6432;23/04/2024;3.83;50.57;13.65
6432;24/04/2024;3.83;50.57;15.15
6432;25/04/2024;3.83;50.57;12.85
6432;26/04/2024;3.83;50.57;15.25
6432;27/04/2024;3.83;50.57;15.15
6432;28/04/2024;3.83;50.57;10.75
6432;29/04/2024;3.83;50.57;7.55
6432;30/04/2024;3.83;50.57;11.95
6447;1/04/2024;4.36;50.8;12.15
6447;2/04/2024;4.36;50.8;14.85
6447;4/04/2024;4.36;50.8;6.85
6447;5/04/2024;4.36;50.8;14.35
6447;6/04/2024;4.36;50.8;19.65
6447;7/04/2024;4.36;50.8;22.25
6447;8/04/2024;4.36;50.8;16.15
6447;9/04/2024;4.36;50.8;18.95
6447;10/04/2024;4.36;50.8;13.45
6447;11/04/2024;4.36;50.8;10.35
6447;12/04/2024;4.36;50.8;13.15
6447;13/04/2024;4.36;50.8;15.55
6447;14/04/2024;4.36;50.8;15.65
6447;15/04/2024;4.36;50.8;14.85
6447;16/04/2024;4.36;50.8;18.55
6447;17/04/2024;4.36;50.8;23.65
6447;18/04/2024;4.36;50.8;26.25
6447;19/04/2024;4.36;50.8;26.15
6447;20/04/2024;4.36;50.8;22.05
6447;21/04/2024;4.36;50.8;26.45
6447;22/04/2024;4.36;50.8;15.85
6447;23/04/2024;4.36;50.8;13.05
6447;24/04/2024;4.36;50.8;13.85
6447;25/04/2024;4.36;50.8;14.25
6447;26/04/2024;4.36;50.8;16.05
6447;27/04/2024;4.36;50.8;13.45
6447;28/04/2024;4.36;50.8;10.35
6447;29/04/2024;4.36;50.8;10.35
6447;30/04/2024;4.36;50.8;11.55
6449;1/04/2024;4.44;50.45;10.95
6449;2/04/2024;4.44;50.45;13.75
6449;3/04/2024;4.44;50.45;12.85
6449;4/04/2024;4.44;50.45;6.85
6449;5/04/2024;4.44;50.45;13.25
6449;6/04/2024;4.44;50.45;19.05
6449;7/04/2024;4.44;50.45;21.35
6449;8/04/2024;4.44;50.45;14.35
6449;9/04/2024;4.44;50.45;17.85
6449;10/04/2024;4.44;50.45;14.35
6449;11/04/2024;4.44;50.45;10.35
6449;12/04/2024;4.44;50.45;13.85
6449;13/04/2024;4.44;50.45;16.45
6449;14/04/2024;4.44;50.45;15.05
6449;15/04/2024;4.44;50.45;14.25
6449;16/04/2024;4.44;50.45;18.05
6449;17/04/2024;4.44;50.45;22.45
6449;18/04/2024;4.44;50.45;25.85
6449;19/04/2024;4.44;50.45;25.65
6449;20/04/2024;4.44;50.45;21.45
6449;21/04/2024;4.44;50.45;25.05
6449;22/04/2024;4.44;50.45;15.75
6449;23/04/2024;4.44;50.45;12.15
6449;24/04/2024;4.44;50.45;12.85
6449;25/04/2024;4.44;50.45;10.55
6449;26/04/2024;4.44;50.45;16.25
6449;27/04/2024;4.44;50.45;14.45
6449;28/04/2024;4.44;50.45;10.15
6449;29/04/2024;4.44;50.45;7.85
6449;30/04/2024;4.44;50.45;10.25
6450;1/04/2024;4.46;51.19;11.85
6450;2/04/2024;4.46;51.19;16.65
6450;3/04/2024;4.46;51.19;14.35
6450;4/04/2024;4.46;51.19;8.25
6450;5/04/2024;4.46;51.19;12.95
6450;6/04/2024;4.46;51.19;20.05
6450;7/04/2024;4.46;51.19;21.15
6450;8/04/2024;4.46;51.19;16.45
6450;9/04/2024;4.46;51.19;18.65
6450;10/04/2024;4.46;51.19;11.95
6450;11/04/2024;4.46;51.19;11.45
6450;12/04/2024;4.46;51.19;14.15
6450;13/04/2024;4.46;51.19;15.55
6450;14/04/2024;4.46;51.19;16.85
6450;15/04/2024;4.46;51.19;14.75
6450;16/04/2024;4.46;51.19;18.65
6450;17/04/2024;4.46;51.19;22.25
6450;18/04/2024;4.46;51.19;25.65
6450;19/04/2024;4.46;51.19;26.05
6450;20/04/2024;4.46;51.19;22.05
6450;21/04/2024;4.46;51.19;25.95
6450;22/04/2024;4.46;51.19;16.45
6450;23/04/2024;4.46;51.19;13.55
6450;24/04/2024;4.46;51.19;13.05
6450;25/04/2024;4.46;51.19;14.25
6450;26/04/2024;4.46;51.19;15.25
6450;27/04/2024;4.46;51.19;14.25
6450;28/04/2024;4.46;51.19;11.05
6450;29/04/2024;4.46;51.19;11.25
6450;30/04/2024;4.46;51.19;13.05
6451;1/04/2024;4.53;50.9;12.05
6451;2/04/2024;4.53;50.9;14.75
6451;3/04/2024;4.53;50.9;13.05
6451;4/04/2024;4.53;50.9;7.25
6451;5/04/2024;4.53;50.9;13.15
6451;6/04/2024;4.53;50.9;19.55
6451;7/04/2024;4.53;50.9;21.15
6451;8/04/2024;4.53;50.9;15.65
6451;9/04/2024;4.53;50.9;18.35
6451;10/04/2024;4.53;50.9;12.35
6451;11/04/2024;4.53;50.9;10.45
6451;12/04/2024;4.53;50.9;12.85
6451;13/04/2024;4.53;50.9;15.15
6451;14/04/2024;4.53;50.9;16.25
6451;15/04/2024;4.53;50.9;15.15
6451;16/04/2024;4.53;50.9;18.15
6451;17/04/2024;4.53;50.9;22.25
6451;18/04/2024;4.53;50.9;25.65
6451;19/04/2024;4.53;50.9;26.15
6451;20/04/2024;4.53;50.9;21.45
6451;21/04/2024;4.53;50.9;25.85
6451;22/04/2024;4.53;50.9;16.55
6451;23/04/2024;4.53;50.9;13.15
6451;24/04/2024;4.53;50.9;14.15
6451;25/04/2024;4.53;50.9;11.35
6451;26/04/2024;4.53;50.9;16.25
6451;27/04/2024;4.53;50.9;13.75
6451;28/04/2024;4.53;50.9;10.75
6451;29/04/2024;4.53;50.9;10.65
6456;1/04/2024;4.65;50.23;10.25
6456;2/04/2024;4.65;50.23;11.65
6456;3/04/2024;4.65;50.23;10.85
6456;4/04/2024;4.65;50.23;4.65
6456;5/04/2024;4.65;50.23;12.85
6456;6/04/2024;4.65;50.23;19.05
6456;7/04/2024;4.65;50.23;21.65
6456;8/04/2024;4.65;50.23;13.35
6456;9/04/2024;4.65;50.23;17.05
6456;10/04/2024;4.65;50.23;14.55
6456;11/04/2024;4.65;50.23;10.65
6456;12/04/2024;4.65;50.23;15.05
6456;13/04/2024;4.65;50.23;16.75
6456;14/04/2024;4.65;50.23;15.05
6456;15/04/2024;4.65;50.23;13.35
6456;16/04/2024;4.65;50.23;17.75
6456;17/04/2024;4.65;50.23;22.25
6456;18/04/2024;4.65;50.23;25.15
6456;19/04/2024;4.65;50.23;24.55
6456;20/04/2024;4.65;50.23;21.75
6456;21/04/2024;4.65;50.23;24.65
6456;22/04/2024;4.65;50.23;14.85
6456;23/04/2024;4.65;50.23;13.75
6456;24/04/2024;4.65;50.23;12.95
6456;25/04/2024;4.65;50.23;11.45
6456;26/04/2024;4.65;50.23;15.35
6456;27/04/2024;4.65;50.23;14.05
6456;28/04/2024;4.65;50.23;11.05
6456;29/04/2024;4.65;50.23;7.15
6456;30/04/2024;4.65;50.23;10.95
6458;1/04/2024;4.76;50.75;12.85
6458;2/04/2024;4.76;50.75;12.85
6458;3/04/2024;4.76;50.75;13.15
6458;4/04/2024;4.76;50.75;6.95
6458;5/04/2024;4.76;50.75;13.15
6458;6/04/2024;4.76;50.75;19.75
6458;7/04/2024;4.76;50.75;20.75
6458;8/04/2024;4.76;50.75;16.05
6458;9/04/2024;4.76;50.75;19.15
6458;10/04/2024;4.76;50.75;12.65
6458;11/04/2024;4.76;50.75;10.15
6458;12/04/2024;4.76;50.75;12.85
6458;13/04/2024;4.76;50.75;15.35
6458;14/04/2024;4.76;50.75;16.85
6458;15/04/2024;4.76;50.75;15.75
6458;16/04/2024;4.76;50.75;18.65
6458;17/04/2024;4.76;50.75;22.65
6458;18/04/2024;4.76;50.75;26.05
6458;19/04/2024;4.76;50.75;26.35
6458;20/04/2024;4.76;50.75;21.05
6458;21/04/2024;4.76;50.75;25.05
6458;22/04/2024;4.76;50.75;16.85
6458;23/04/2024;4.76;50.75;13.15
6458;24/04/2024;4.76;50.75;14.15
6458;25/04/2024;4.76;50.75;12.35
6458;26/04/2024;4.76;50.75;15.45
6458;27/04/2024;4.76;50.75;14.95
6458;28/04/2024;4.76;50.75;11.15
6458;29/04/2024;4.76;50.75;10.55
6458;30/04/2024;4.76;50.75;12.45
6459;1/04/2024;4.69;50.58;11.45
6459;2/04/2024;4.69;50.58;12.25
6459;3/04/2024;4.69;50.58;12.05
6459;4/04/2024;4.69;50.58;6.45
6459;5/04/2024;4.69;50.58;13.15
6459;6/04/2024;4.69;50.58;18.95
6459;7/04/2024;4.69;50.58;19.95
6459;8/04/2024;4.69;50.58;14.75
6459;9/04/2024;4.69;50.58;17.05
6459;10/04/2024;4.69;50.58;12.85
6459;11/04/2024;4.69;50.58;9.85
6459;12/04/2024;4.69;50.58;13.15
6459;13/04/2024;4.69;50.58;16.05
6459;14/04/2024;4.69;50.58;15.75
6459;15/04/2024;4.69;50.58;14.85
6459;16/04/2024;4.69;50.58;18.15
6459;17/04/2024;4.69;50.58;21.85
6459;18/04/2024;4.69;50.58;25.95
6459;19/04/2024;4.69;50.58;25.25
6459;20/04/2024;4.69;50.58;20.85
6459;21/04/2024;4.69;50.58;24.15
6459;22/04/2024;4.69;50.58;16.45
6459;23/04/2024;4.69;50.58;12.75
6459;24/04/2024;4.69;50.58;12.75
6459;25/04/2024;4.69;50.58;11.75
6459;26/04/2024;4.69;50.58;16.45
6459;27/04/2024;4.69;50.58;15.15
6459;28/04/2024;4.69;50.58;10.75
6459;29/04/2024;4.69;50.58;9.45
6459;30/04/2024;4.69;50.58;10.75
6465;1/04/2024;5.06;51;12.25
6465;2/04/2024;5.06;51;13.35
6465;3/04/2024;5.06;51;12.85
6465;4/04/2024;5.06;51;7.65
6465;5/04/2024;5.06;51;14.35
6465;6/04/2024;5.06;51;19.35
6465;7/04/2024;5.06;51;22.35
6465;8/04/2024;5.06;51;17.25
6465;9/04/2024;5.06;51;17.05
6465;10/04/2024;5.06;51;10.05
6465;11/04/2024;5.06;51;11.85
6465;12/04/2024;5.06;51;13.85
6465;13/04/2024;5.06;51;15.95
6465;14/04/2024;5.06;51;16.65
6465;15/04/2024;5.06;51;15.75
6465;16/04/2024;5.06;51;18.25
6465;17/04/2024;5.06;51;23.35
6465;18/04/2024;5.06;51;27.95
6465;19/04/2024;5.06;51;26.85
6465;20/04/2024;5.06;51;21.55
6465;21/04/2024;5.06;51;24.05
6465;22/04/2024;5.06;51;16.85
6465;23/04/2024;5.06;51;13.25
6465;24/04/2024;5.06;51;15.75
6465;25/04/2024;5.06;51;12.85
6465;26/04/2024;5.06;51;16.35
6465;27/04/2024;5.06;51;14.75
6465;28/04/2024;5.06;51;11.65
6465;29/04/2024;5.06;51;12.05
6465;30/04/2024;5.06;51;11.65
6476;1/04/2024;5.4;50.04;9.15
6476;2/04/2024;5.4;50.04;10.95
6476;3/04/2024;5.4;50.04;7.75
6476;4/04/2024;5.4;50.04;3.35
6476;5/04/2024;5.4;50.04;10.15
6476;6/04/2024;5.4;50.04;16.75
6476;8/04/2024;5.4;50.04;15.65
6476;9/04/2024;5.4;50.04;13.75
6476;10/04/2024;5.4;50.04;14.65
6476;11/04/2024;5.4;50.04;13.85
6476;12/04/2024;5.4;50.04;12.75
6476;13/04/2024;5.4;50.04;14.85
6476;14/04/2024;5.4;50.04;13.35
6476;15/04/2024;5.4;50.04;12.45
6476;16/04/2024;5.4;50.04;15.35
6476;17/04/2024;5.4;50.04;20.95
6476;18/04/2024;5.4;50.04;21.65
6476;19/04/2024;5.4;50.04;23.15
6476;20/04/2024;5.4;50.04;20.55
6476;21/04/2024;5.4;50.04;22.35
6476;22/04/2024;5.4;50.04;14.05
6476;23/04/2024;5.4;50.04;13.85
6476;24/04/2024;5.4;50.04;12.55
6476;25/04/2024;5.4;50.04;8.85
6476;26/04/2024;5.4;50.04;12.85
6476;27/04/2024;5.4;50.04;11.65
6476;28/04/2024;5.4;50.04;14.35
6476;29/04/2024;5.4;50.04;5.55
6476;30/04/2024;5.4;50.04;6.25
6478;1/04/2024;5.46;50.65;12.45
6478;2/04/2024;5.46;50.65;12.75
6478;3/04/2024;5.46;50.65;11.75
6478;4/04/2024;5.46;50.65;6.35
6478;5/04/2024;5.46;50.65;13.55
6478;6/04/2024;5.46;50.65;19.65
6478;7/04/2024;5.46;50.65;21.95
6478;8/04/2024;5.46;50.65;13.95
6478;9/04/2024;5.46;50.65;17.65
6478;10/04/2024;5.46;50.65;11.75
6478;11/04/2024;5.46;50.65;12.05
6478;12/04/2024;5.46;50.65;14.15
6478;13/04/2024;5.46;50.65;17.15
6478;14/04/2024;5.46;50.65;16.45
6478;15/04/2024;5.46;50.65;14.05
6478;16/04/2024;5.46;50.65;18.05
6478;17/04/2024;5.46;50.65;23.35
6478;18/04/2024;5.46;50.65;27.15
6478;19/04/2024;5.46;50.65;25.55
6478;20/04/2024;5.46;50.65;20.75
6478;21/04/2024;5.46;50.65;24.05
6478;22/04/2024;5.46;50.65;16.55
6478;23/04/2024;5.46;50.65;13.95
6478;24/04/2024;5.46;50.65;13.75
6478;25/04/2024;5.46;50.65;12.75
6478;26/04/2024;5.46;50.65;15.35
6478;27/04/2024;5.46;50.65;14.35
6478;28/04/2024;5.46;50.65;14.25
6478;29/04/2024;5.46;50.65;10.15
6478;30/04/2024;5.46;50.65;11.65
6479;1/04/2024;5.46;51.17;12.15
6479;2/04/2024;5.46;51.17;14.55
6479;3/04/2024;5.46;51.17;13.15
6479;4/04/2024;5.46;51.17;6.45
6479;5/04/2024;5.46;51.17;13.65
6479;6/04/2024;5.46;51.17;20.45
6479;7/04/2024;5.46;51.17;23.05
6479;8/04/2024;5.46;51.17;17.75
6479;9/04/2024;5.46;51.17;17.95
6479;10/04/2024;5.46;51.17;11.15
6479;11/04/2024;5.46;51.17;13.15
6479;12/04/2024;5.46;51.17;14.85
6479;13/04/2024;5.46;51.17;17.45
6479;14/04/2024;5.46;51.17;17.45
6479;15/04/2024;5.46;51.17;15.45
6479;16/04/2024;5.46;51.17;20.15
6479;17/04/2024;5.46;51.17;23.35
6479;18/04/2024;5.46;51.17;27.25
6479;19/04/2024;5.46;51.17;27.75
6479;20/04/2024;5.46;51.17;23.15
6479;21/04/2024;5.46;51.17;24.65
6479;22/04/2024;5.46;51.17;17.95
6479;23/04/2024;5.46;51.17;13.75
6479;24/04/2024;5.46;51.17;16.25
6479;25/04/2024;5.46;51.17;11.85
6479;26/04/2024;5.46;51.17;15.95
6479;27/04/2024;5.46;51.17;15.55
6479;28/04/2024;5.46;51.17;13.65
6479;29/04/2024;5.46;51.17;13.85
6479;30/04/2024;5.46;51.17;12.25
6490;1/04/2024;5.91;50.48;9.75
6490;2/04/2024;5.91;50.48;13.25
6490;3/04/2024;5.91;50.48;9.25
6490;4/04/2024;5.91;50.48;4.45
6490;5/04/2024;5.91;50.48;10.45
6490;6/04/2024;5.91;50.48;18.15
6490;7/04/2024;5.91;50.48;21.65
6490;8/04/2024;5.91;50.48;14.45
6490;9/04/2024;5.91;50.48;15.25
6490;10/04/2024;5.91;50.48;11.95
6490;11/04/2024;5.91;50.48;15.85
6490;12/04/2024;5.91;50.48;12.45
6490;13/04/2024;5.91;50.48;15.45
6490;14/04/2024;5.91;50.48;14.65
6490;15/04/2024;5.91;50.48;13.45
6490;16/04/2024;5.91;50.48;16.75
6490;17/04/2024;5.91;50.48;22.85
6490;18/04/2024;5.91;50.48;24.45
6490;19/04/2024;5.91;50.48;23.65
6490;20/04/2024;5.91;50.48;20.65
6490;21/04/2024;5.91;50.48;21.05
6490;22/04/2024;5.91;50.48;14.35
6490;23/04/2024;5.91;50.48;13.65
6490;24/04/2024;5.91;50.48;12.05
6490;25/04/2024;5.91;50.48;10.05
6490;26/04/2024;5.91;50.48;13.55
6490;27/04/2024;5.91;50.48;13.35
6490;28/04/2024;5.91;50.48;16.65
6490;29/04/2024;5.91;50.48;8.15
6490;30/04/2024;5.91;50.48;8.75
6494;1/04/2024;6.07;50.51;8.35
6494;2/04/2024;6.07;50.51;12.25
6494;9/04/2024;6.07;50.51;15.15
6494;13/04/2024;6.07;50.51;14.15
6494;17/04/2024;6.07;50.51;22.25
6494;19/04/2024;6.07;50.51;23.55
6494;20/04/2024;6.07;50.51;19.95
6494;22/04/2024;6.07;50.51;14.05
6494;23/04/2024;6.07;50.51;12.35
6494;29/04/2024;6.07;50.51;6.55
6496;1/04/2024;6.18;50.48;9.05
6496;2/04/2024;6.18;50.48;13.05
6496;3/04/2024;6.18;50.48;8.65
6496;4/04/2024;6.18;50.48;3.25
6496;5/04/2024;6.18;50.48;10.65
6496;6/04/2024;6.18;50.48;16.75
6496;7/04/2024;6.18;50.48;21.05
6496;8/04/2024;6.18;50.48;15.75
6496;9/04/2024;6.18;50.48;15.55
6496;10/04/2024;6.18;50.48;11.25
6496;11/04/2024;6.18;50.48;15.25
6496;12/04/2024;6.18;50.48;11.65
6496;13/04/2024;6.18;50.48;14.85
6496;14/04/2024;6.18;50.48;13.45
6496;15/04/2024;6.18;50.48;13.75
6496;16/04/2024;6.18;50.48;16.95
6496;17/04/2024;6.18;50.48;22.65
6496;18/04/2024;6.18;50.48;23.95
6496;19/04/2024;6.18;50.48;23.75
6496;20/04/2024;6.18;50.48;20.25
6496;21/04/2024;6.18;50.48;25.25
6496;22/04/2024;6.18;50.48;14.65
6496;23/04/2024;6.18;50.48;13.35
6496;24/04/2024;6.18;50.48;12.25
6496;25/04/2024;6.18;50.48;8.55
6496;26/04/2024;6.18;50.48;13.25
6496;27/04/2024;6.18;50.48;13.65
6496;28/04/2024;6.18;50.48;17.25
6496;29/04/2024;6.18;50.48;7.45
6496;30/04/2024;6.18;50.48;7.65
6590;1/04/2024;6.22;49.62;10.55
6590;2/04/2024;6.22;49.62;11.15
6590;3/04/2024;6.22;49.62;8.65
6590;4/04/2024;6.22;49.62;8.05
6590;5/04/2024;6.22;49.62;11.95
6590;6/04/2024;6.22;49.62;18.05
6590;7/04/2024;6.22;49.62;21.85
6590;8/04/2024;6.22;49.62;17.35
6590;9/04/2024;6.22;49.62;13.45
6590;10/04/2024;6.22;49.62;15.15
6590;11/04/2024;6.22;49.62;14.65
6590;12/04/2024;6.22;49.62;13.55
6590;13/04/2024;6.22;49.62;15.95
6590;14/04/2024;6.22;49.62;15.65
6590;15/04/2024;6.22;49.62;16.05
6590;16/04/2024;6.22;49.62;17.55
6590;17/04/2024;6.22;49.62;23.05
6590;18/04/2024;6.22;49.62;23.65
6590;19/04/2024;6.22;49.62;25.55
6590;20/04/2024;6.22;49.62;24.55
6590;21/04/2024;6.22;49.62;23.05
6590;22/04/2024;6.22;49.62;18.25
6590;23/04/2024;6.22;49.62;16.25
6590;24/04/2024;6.22;49.62;15.25
6590;25/04/2024;6.22;49.62;10.65
6590;26/04/2024;6.22;49.62;15.55
6590;27/04/2024;6.22;49.62;13.45
6590;28/04/2024;6.22;49.62;15.95
6590;29/04/2024;6.22;49.62;8.55
6590;30/04/2024;6.22;49.62;8.85
7015;1/04/2024;3.1;50.57;12.65
7015;2/04/2024;3.1;50.57;14.95
7015;3/04/2024;3.1;50.57;13.25
7015;4/04/2024;3.1;50.57;7.55
7015;5/04/2024;3.1;50.57;15.25
7015;6/04/2024;3.1;50.57;19.75
7015;7/04/2024;3.1;50.57;19.15
7015;8/04/2024;3.1;50.57;15.35
7015;9/04/2024;3.1;50.57;18.05
7015;10/04/2024;3.1;50.57;15.25
7015;11/04/2024;3.1;50.57;14.85
7015;12/04/2024;3.1;50.57;13.35
7015;13/04/2024;3.1;50.57;15.45
7015;14/04/2024;3.1;50.57;16.45
7015;15/04/2024;3.1;50.57;15.35
7015;16/04/2024;3.1;50.57;19.15
7015;17/04/2024;3.1;50.57;22.55
7015;18/04/2024;3.1;50.57;25.35
7015;19/04/2024;3.1;50.57;25.85
7015;20/04/2024;3.1;50.57;22.45
7015;21/04/2024;3.1;50.57;25.25
7015;22/04/2024;3.1;50.57;15.55
7015;23/04/2024;3.1;50.57;14.55
7015;24/04/2024;3.1;50.57;14.45
7015;25/04/2024;3.1;50.57;13.45
7015;26/04/2024;3.1;50.57;15.75
7015;27/04/2024;3.1;50.57;13.95
7015;28/04/2024;3.1;50.57;10.05
7015;29/04/2024;3.1;50.57;6.95
7015;30/04/2024;3.1;50.57;12.75
7061;1/04/2024;3.21;49.82;12.35
7061;2/04/2024;3.21;49.82;15.65
7061;3/04/2024;3.21;49.82;13.55
7061;4/04/2024;3.21;49.82;7.95
7061;5/04/2024;3.21;49.82;14.65
7061;6/04/2024;3.21;49.82;20.25
7061;7/04/2024;3.21;49.82;20.55
7061;8/04/2024;3.21;49.82;13.65
7061;9/04/2024;3.21;49.82;17.65
7061;10/04/2024;3.21;49.82;16.95
7061;11/04/2024;3.21;49.82;11.45
7061;12/04/2024;3.21;49.82;14.45
7061;13/04/2024;3.21;49.82;14.75
7061;14/04/2024;3.21;49.82;16.35
7061;15/04/2024;3.21;49.82;14.65
7061;16/04/2024;3.21;49.82;18.65
7061;17/04/2024;3.21;49.82;22.95
7061;18/04/2024;3.21;49.82;23.95
7061;19/04/2024;3.21;49.82;26.15
7061;20/04/2024;3.21;49.82;23.75
7061;21/04/2024;3.21;49.82;24.65
7061;22/04/2024;3.21;49.82;16.05
7061;23/04/2024;3.21;49.82;15.35
7061;24/04/2024;3.21;49.82;14.55
7061;25/04/2024;3.21;49.82;11.05
7061;26/04/2024;3.21;49.82;16.95
7061;27/04/2024;3.21;49.82;14.35
7061;28/04/2024;3.21;49.82;10.65
7061;29/04/2024;3.21;49.82;3.95
7061;30/04/2024;3.21;49.82;10.05
7075;1/04/2024;4.64;49.78;12.75
7075;2/04/2024;4.64;49.78;13.75
7075;3/04/2024;4.64;49.78;13.05
7075;4/04/2024;4.64;49.78;8.35
7075;5/04/2024;4.64;49.78;14.25
7075;6/04/2024;4.64;49.78;19.65
7075;7/04/2024;4.64;49.78;22.55
7075;8/04/2024;4.64;49.78;18.35
7075;9/04/2024;4.64;49.78;17.35
7075;10/04/2024;4.64;49.78;17.35
7075;11/04/2024;4.64;49.78;16.55
7075;12/04/2024;4.64;49.78;16.55
7075;13/04/2024;4.64;49.78;18.05
7075;14/04/2024;4.64;49.78;16.05
7075;15/04/2024;4.64;49.78;16.25
7075;16/04/2024;4.64;49.78;18.85
7075;17/04/2024;4.64;49.78;25.05
7075;18/04/2024;4.64;49.78;25.15
7075;19/04/2024;4.64;49.78;27.45
7075;20/04/2024;4.64;49.78;25.65
7075;21/04/2024;4.64;49.78;23.95
7075;22/04/2024;4.64;49.78;16.45
7075;23/04/2024;4.64;49.78;17.35
7075;24/04/2024;4.64;49.78;15.85
7075;25/04/2024;4.64;49.78;12.75
7075;26/04/2024;4.64;49.78;17.15
7075;27/04/2024;4.64;49.78;15.65
7075;28/04/2024;4.64;49.78;16.45
7075;29/04/2024;4.64;49.78;8.15
7075;30/04/2024;4.64;49.78;12.25
10500;1/05/2024;6.04;50.96;15.15
10500;2/05/2024;6.04;50.96;15.05
10500;3/05/2024;6.04;50.96;17.75
10500;6/05/2024;6.04;50.96;22.95
10500;7/05/2024;6.04;50.96;25.05
10500;8/05/2024;6.04;50.96;26.15
10500;9/05/2024;6.04;50.96;15.25
10500;10/05/2024;6.04;50.96;18.25
10500;13/05/2024;6.04;50.96;18.05
10500;14/05/2024;6.04;50.96;22.45
10500;15/05/2024;6.04;50.96;19.25
10500;16/05/2024;6.04;50.96;15.75
10500;17/05/2024;6.04;50.96;14.15
10500;21/05/2024;6.04;50.96;22.15
10500;23/05/2024;6.04;50.96;21.95
10500;24/05/2024;6.04;50.96;24.65
10500;27/05/2024;6.04;50.96;27.15
10500;28/05/2024;6.04;50.96;26.35
10500;29/05/2024;6.04;50.96;21.05
10500;31/05/2024;6.04;50.96;17.55
10505;1/05/2024;6.02;50.8;14.45
10505;2/05/2024;6.02;50.8;13.05
10505;3/05/2024;6.02;50.8;15.65
10505;4/05/2024;6.02;50.8;18.25
10505;5/05/2024;6.02;50.8;21.85
10505;6/05/2024;6.02;50.8;22.15
10505;7/05/2024;6.02;50.8;23.95
10505;8/05/2024;6.02;50.8;24.45
10505;9/05/2024;6.02;50.8;13.15
10505;10/05/2024;6.02;50.8;15.45
10505;11/05/2024;6.02;50.8;21.45
10505;12/05/2024;6.02;50.8;12.35
10505;13/05/2024;6.02;50.8;15.15
10505;14/05/2024;6.02;50.8;20.45
10505;15/05/2024;6.02;50.8;17.35
10505;16/05/2024;6.02;50.8;14.55
10505;17/05/2024;6.02;50.8;12.25
10505;18/05/2024;6.02;50.8;11.95
10505;19/05/2024;6.02;50.8;19.45
10505;20/05/2024;6.02;50.8;21.45
10505;21/05/2024;6.02;50.8;16.25
10505;22/05/2024;6.02;50.8;19.85
10505;23/05/2024;6.02;50.8;21.35
10505;24/05/2024;6.02;50.8;23.15
10505;25/05/2024;6.02;50.8;24.95
10505;26/05/2024;6.02;50.8;18.85
10505;27/05/2024;6.02;50.8;25.55
10505;28/05/2024;6.02;50.8;22.85
10505;29/05/2024;6.02;50.8;21.35
10505;30/05/2024;6.02;50.8;23.55
10505;31/05/2024;6.02;50.8;16.35
6310;1/05/2024;3.6;51.44;13.85
6310;2/05/2024;3.6;51.44;13.15
6310;3/05/2024;3.6;51.44;15.05
6310;4/05/2024;3.6;51.44;18.95
6310;5/05/2024;3.6;51.44;19.85
6310;6/05/2024;3.6;51.44;22.65
6310;7/05/2024;3.6;51.44;25.85
6310;8/05/2024;3.6;51.44;17.35
6310;9/05/2024;3.6;51.44;13.95
6310;10/05/2024;3.6;51.44;15.95
6310;11/05/2024;3.6;51.44;21.55
6310;12/05/2024;3.6;51.44;12.75
6310;13/05/2024;3.6;51.44;12.25
6310;14/05/2024;3.6;51.44;20.65
6310;15/05/2024;3.6;51.44;13.35
6310;16/05/2024;3.6;51.44;12.45
6310;17/05/2024;3.6;51.44;12.35
6310;18/05/2024;3.6;51.44;10.75
6310;19/05/2024;3.6;51.44;17.45
6310;20/05/2024;3.6;51.44;21.25
6310;21/05/2024;3.6;51.44;22.45
6310;22/05/2024;3.6;51.44;17.35
6310;23/05/2024;3.6;51.44;20.15
6310;24/05/2024;3.6;51.44;17.65
6310;25/05/2024;3.6;51.44;23.75
6310;26/05/2024;3.6;51.44;22.05
6310;27/05/2024;3.6;51.44;25.25
6310;28/05/2024;3.6;51.44;22.35
6310;29/05/2024;3.6;51.44;21.25
6310;30/05/2024;3.6;51.44;21.85
6310;31/05/2024;3.6;51.44;14.65
6319;1/05/2024;3.86;51.22;14.85
6319;2/05/2024;3.86;51.22;14.85
6319;3/05/2024;3.86;51.22;16.35
6319;4/05/2024;3.86;51.22;20.15
6319;5/05/2024;3.86;51.22;24.15
6319;6/05/2024;3.86;51.22;24.25
6319;7/05/2024;3.86;51.22;26.45
6319;8/05/2024;3.86;51.22;18.75
6319;9/05/2024;3.86;51.22;15.05
6319;10/05/2024;3.86;51.22;17.75
6319;11/05/2024;3.86;51.22;22.75
6319;12/05/2024;3.86;51.22;13.25
6319;13/05/2024;3.86;51.22;14.25
6319;14/05/2024;3.86;51.22;23.35
6319;15/05/2024;3.86;51.22;15.75
6319;16/05/2024;3.86;51.22;14.75
6319;17/05/2024;3.86;51.22;14.35
6319;18/05/2024;3.86;51.22;11.65
6319;19/05/2024;3.86;51.22;19.55
6319;20/05/2024;3.86;51.22;22.15
6319;21/05/2024;3.86;51.22;22.75
6319;22/05/2024;3.86;51.22;20.05
6319;23/05/2024;3.86;51.22;22.25
6319;24/05/2024;3.86;51.22;23.25
6319;25/05/2024;3.86;51.22;26.75
6319;26/05/2024;3.86;51.22;26.35
6319;27/05/2024;3.86;51.22;28.15
6319;28/05/2024;3.86;51.22;27.25
6319;29/05/2024;3.86;51.22;25.15
6319;30/05/2024;3.86;51.22;23.65
6319;31/05/2024;3.86;51.22;17.15
6340;1/05/2024;4.34;51.45;15.15
6340;2/05/2024;4.34;51.45;14.45
6340;3/05/2024;4.34;51.45;17.05
6340;4/05/2024;4.34;51.45;20.55
6340;5/05/2024;4.34;51.45;23.95
6340;6/05/2024;4.34;51.45;24.65
6340;7/05/2024;4.34;51.45;25.95
6340;8/05/2024;4.34;51.45;18.45
6340;9/05/2024;4.34;51.45;15.45
6340;10/05/2024;4.34;51.45;17.15
6340;11/05/2024;4.34;51.45;22.45
6340;12/05/2024;4.34;51.45;13.25
6340;13/05/2024;4.34;51.45;20.25
6340;14/05/2024;4.34;51.45;23.95
6340;15/05/2024;4.34;51.45;20.95
6340;16/05/2024;4.34;51.45;14.95
6340;17/05/2024;4.34;51.45;14.35
6340;18/05/2024;4.34;51.45;11.85
6340;19/05/2024;4.34;51.45;21.25
6340;20/05/2024;4.34;51.45;23.75
6340;21/05/2024;4.34;51.45;22.95
6340;22/05/2024;4.34;51.45;20.65
6340;23/05/2024;4.34;51.45;19.85
6340;24/05/2024;4.34;51.45;22.95
6340;25/05/2024;4.34;51.45;26.95
6340;26/05/2024;4.34;51.45;22.95
6340;27/05/2024;4.34;51.45;26.45
6340;28/05/2024;4.34;51.45;27.45
6340;29/05/2024;4.34;51.45;25.05
6340;30/05/2024;4.34;51.45;22.25
6340;31/05/2024;4.34;51.45;16.55
6370;1/05/2024;5.38;51.45;16.35
6370;2/05/2024;5.38;51.45;15.05
6370;3/05/2024;5.38;51.45;17.65
6370;4/05/2024;5.38;51.45;20.75
6370;5/05/2024;5.38;51.45;24.95
6370;6/05/2024;5.38;51.45;24.65
6370;7/05/2024;5.38;51.45;26.95
6370;8/05/2024;5.38;51.45;25.95
6370;9/05/2024;5.38;51.45;15.95
6370;10/05/2024;5.38;51.45;18.35
6370;11/05/2024;5.38;51.45;22.75
6370;12/05/2024;5.38;51.45;14.55
6370;13/05/2024;5.38;51.45;21.45
6370;14/05/2024;5.38;51.45;23.95
6370;15/05/2024;5.38;51.45;18.15
6370;16/05/2024;5.38;51.45;16.35
6370;17/05/2024;5.38;51.45;15.15
6370;18/05/2024;5.38;51.45;13.55
6370;19/05/2024;5.38;51.45;22.45
6370;20/05/2024;5.38;51.45;25.35
6370;21/05/2024;5.38;51.45;24.85
6370;22/05/2024;5.38;51.45;20.65
6370;23/05/2024;5.38;51.45;20.95
6370;24/05/2024;5.38;51.45;23.95
6370;25/05/2024;5.38;51.45;27.35
6370;26/05/2024;5.38;51.45;25.45
6370;27/05/2024;5.38;51.45;27.15
6370;28/05/2024;5.38;51.45;29.15
6370;29/05/2024;5.38;51.45;25.05
6370;30/05/2024;5.38;51.45;22.55
6370;31/05/2024;5.38;51.45;18.35
6377;1/05/2024;5.76;51.2;15.15
6377;2/05/2024;5.76;51.2;14.65
6377;3/05/2024;5.76;51.2;17.15
6377;4/05/2024;5.76;51.2;20.45
6377;5/05/2024;5.76;51.2;24.25
6377;6/05/2024;5.76;51.2;24.85
6377;7/05/2024;5.76;51.2;26.35
6377;8/05/2024;5.76;51.2;27.25
6377;9/05/2024;5.76;51.2;16.05
6377;10/05/2024;5.76;51.2;18.65
6377;11/05/2024;5.76;51.2;22.75
6377;12/05/2024;5.76;51.2;13.85
6377;13/05/2024;5.76;51.2;20.25
6377;14/05/2024;5.76;51.2;23.55
6377;15/05/2024;5.76;51.2;20.65
6377;16/05/2024;5.76;51.2;16.85
6377;17/05/2024;5.76;51.2;14.75
6377;18/05/2024;5.76;51.2;13.55
6377;19/05/2024;5.76;51.2;21.85
6377;20/05/2024;5.76;51.2;23.85
6377;21/05/2024;5.76;51.2;20.95
6377;22/05/2024;5.76;51.2;20.85
6377;23/05/2024;5.76;51.2;21.05
6377;24/05/2024;5.76;51.2;24.55
6377;25/05/2024;5.76;51.2;26.55
6377;26/05/2024;5.76;51.2;24.45
6377;27/05/2024;5.76;51.2;26.95
6377;28/05/2024;5.76;51.2;28.45
6377;29/05/2024;5.76;51.2;25.15
6377;30/05/2024;5.76;51.2;23.15
6377;31/05/2024;5.76;51.2;18.45
6380;1/05/2024;5.76;50.91;16.25
6380;2/05/2024;5.76;50.91;15.45
6380;3/05/2024;5.76;50.91;17.65
6380;4/05/2024;5.76;50.91;19.55
6380;5/05/2024;5.76;50.91;23.65
6380;6/05/2024;5.76;50.91;23.65
6380;7/05/2024;5.76;50.91;25.95
6380;8/05/2024;5.76;50.91;26.05
6380;9/05/2024;5.76;50.91;15.45
6380;10/05/2024;5.76;50.91;18.55
6380;11/05/2024;5.76;50.91;22.95
6380;12/05/2024;5.76;50.91;13.25
6380;13/05/2024;5.76;50.91;17.05
6380;14/05/2024;5.76;50.91;22.45
6380;15/05/2024;5.76;50.91;19.55
6380;16/05/2024;5.76;50.91;16.75
6380;17/05/2024;5.76;50.91;14.15
6380;18/05/2024;5.76;50.91;14.05
6380;19/05/2024;5.76;50.91;21.95
6380;20/05/2024;5.76;50.91;24.45
6380;21/05/2024;5.76;50.91;20.55
6380;22/05/2024;5.76;50.91;20.45
6380;23/05/2024;5.76;50.91;23.35
6380;24/05/2024;5.76;50.91;24.45
6380;25/05/2024;5.76;50.91;26.95
6380;26/05/2024;5.76;50.91;18.45
6380;27/05/2024;5.76;50.91;26.85
6380;28/05/2024;5.76;50.91;24.85
6380;29/05/2024;5.76;50.91;23.95
6380;30/05/2024;5.76;50.91;24.35
6380;31/05/2024;5.76;50.91;17.05
6391;1/05/2024;6.2;51.5;16.75
6391;2/05/2024;6.2;51.5;16.45
6391;3/05/2024;6.2;51.5;17.75
6391;4/05/2024;6.2;51.5;21.45
6391;5/05/2024;6.2;51.5;24.65
6391;6/05/2024;6.2;51.5;24.85
6391;7/05/2024;6.2;51.5;25.85
6391;8/05/2024;6.2;51.5;27.55
6391;9/05/2024;6.2;51.5;14.25
6391;10/05/2024;6.2;51.5;18.25
6391;11/05/2024;6.2;51.5;23.55
6391;12/05/2024;6.2;51.5;14.15
6391;13/05/2024;6.2;51.5;22.75
6391;14/05/2024;6.2;51.5;24.15
6391;15/05/2024;6.2;51.5;21.25
6391;16/05/2024;6.2;51.5;17.15
6391;17/05/2024;6.2;51.5;15.65
6391;18/05/2024;6.2;51.5;15.25
6391;19/05/2024;6.2;51.5;24.05
6391;20/05/2024;6.2;51.5;23.85
6391;21/05/2024;6.2;51.5;24.15
6391;22/05/2024;6.2;51.5;21.75
6391;23/05/2024;6.2;51.5;20.65
6391;24/05/2024;6.2;51.5;25.35
6391;25/05/2024;6.2;51.5;27.75
6391;26/05/2024;6.2;51.5;27.35
6391;27/05/2024;6.2;51.5;28.05
6391;28/05/2024;6.2;51.5;29.85
6391;29/05/2024;6.2;51.5;25.25
6391;30/05/2024;6.2;51.5;23.75
6391;31/05/2024;6.2;51.5;19.65
6400;1/05/2024;2.65;51.09;13.95
6400;2/05/2024;2.65;51.09;12.35
6400;3/05/2024;2.65;51.09;14.65
6400;4/05/2024;2.65;51.09;17.05
6400;5/05/2024;2.65;51.09;19.65
6400;6/05/2024;2.65;51.09;22.55
6400;7/05/2024;2.65;51.09;24.35
6400;8/05/2024;2.65;51.09;15.65
6400;9/05/2024;2.65;51.09;11.75
6400;10/05/2024;2.65;51.09;17.95
6400;11/05/2024;2.65;51.09;14.15
6400;12/05/2024;2.65;51.09;12.35
6400;13/05/2024;2.65;51.09;11.75
6400;14/05/2024;2.65;51.09;11.75
6400;15/05/2024;2.65;51.09;12.35
6400;16/05/2024;2.65;51.09;12.05
6400;17/05/2024;2.65;51.09;11.45
6400;18/05/2024;2.65;51.09;10.35
6400;19/05/2024;2.65;51.09;15.15
6400;20/05/2024;2.65;51.09;18.35
6400;21/05/2024;2.65;51.09;17.85
6400;22/05/2024;2.65;51.09;13.85
6400;23/05/2024;2.65;51.09;21.55
6400;24/05/2024;2.65;51.09;15.05
6400;25/05/2024;2.65;51.09;26.45
6400;27/05/2024;2.65;51.09;21.45
6400;28/05/2024;2.65;51.09;17.75
6400;29/05/2024;2.65;51.09;21.45
6400;30/05/2024;2.65;51.09;23.15
6400;31/05/2024;2.65;51.09;16.75
6407;1/05/2024;2.89;51.2;13.95
6407;2/05/2024;2.89;51.2;11.85
6407;3/05/2024;2.89;51.2;14.05
6407;4/05/2024;2.89;51.2;16.25
6407;5/05/2024;2.89;51.2;18.75
6407;6/05/2024;2.89;51.2;22.65
6407;7/05/2024;2.89;51.2;21.85
6407;8/05/2024;2.89;51.2;13.95
6407;9/05/2024;2.89;51.2;12.25
6407;10/05/2024;2.89;51.2;17.25
6407;11/05/2024;2.89;51.2;14.65
6407;12/05/2024;2.89;51.2;11.65
6407;13/05/2024;2.89;51.2;11.65
6407;14/05/2024;2.89;51.2;12.05
6407;15/05/2024;2.89;51.2;12.45
6407;16/05/2024;2.89;51.2;11.25
6407;17/05/2024;2.89;51.2;11.45
6407;18/05/2024;2.89;51.2;10.15
6407;19/05/2024;2.89;51.2;14.45
6407;20/05/2024;2.89;51.2;16.95
6407;21/05/2024;2.89;51.2;16.65
6407;22/05/2024;2.89;51.2;14.15
6407;23/05/2024;2.89;51.2;20.15
6407;24/05/2024;2.89;51.2;14.95
6407;25/05/2024;2.89;51.2;24.15
6407;26/05/2024;2.89;51.2;26.65
6407;27/05/2024;2.89;51.2;21.25
6407;28/05/2024;2.89;51.2;18.15
6407;29/05/2024;2.89;51.2;19.65
6407;30/05/2024;2.89;51.2;21.55
6407;31/05/2024;2.89;51.2;15.35
6414;1/05/2024;3.12;50.9;14.95
6414;2/05/2024;3.12;50.9;15.15
6414;3/05/2024;3.12;50.9;16.75
6414;4/05/2024;3.12;50.9;20.85
6414;5/05/2024;3.12;50.9;24.65
6414;6/05/2024;3.12;50.9;25.45
6414;7/05/2024;3.12;50.9;26.75
6414;8/05/2024;3.12;50.9;19.45
6414;9/05/2024;3.12;50.9;14.85
6414;10/05/2024;3.12;50.9;18.25
6414;11/05/2024;3.12;50.9;21.65
6414;12/05/2024;3.12;50.9;13.45
6414;13/05/2024;3.12;50.9;12.15
6414;14/05/2024;3.12;50.9;17.25
6414;15/05/2024;3.12;50.9;14.25
6414;16/05/2024;3.12;50.9;14.15
6414;17/05/2024;3.12;50.9;14.55
6414;18/05/2024;3.12;50.9;11.15
6414;19/05/2024;3.12;50.9;19.05
6414;20/05/2024;3.12;50.9;20.95
6414;21/05/2024;3.12;50.9;23.05
6414;22/05/2024;3.12;50.9;17.15
6414;23/05/2024;3.12;50.9;23.15
6414;24/05/2024;3.12;50.9;19.15
6414;25/05/2024;3.12;50.9;27.45
6414;26/05/2024;3.12;50.9;27.25
6414;27/05/2024;3.12;50.9;26.55
6414;28/05/2024;3.12;50.9;21.45
6414;29/05/2024;3.12;50.9;22.45
6414;31/05/2024;3.12;50.9;17.65
6428;1/05/2024;3.67;50.94;15.25
6428;2/05/2024;3.67;50.94;14.05
6428;3/05/2024;3.67;50.94;16.65
6428;4/05/2024;3.67;50.94;20.15
6428;5/05/2024;3.67;50.94;23.75
6428;6/05/2024;3.67;50.94;24.65
6428;7/05/2024;3.67;50.94;25.65
6428;8/05/2024;3.67;50.94;20.65
6428;9/05/2024;3.67;50.94;15.85
6428;10/05/2024;3.67;50.94;17.45
6428;11/05/2024;3.67;50.94;22.35
6428;12/05/2024;3.67;50.94;12.65
6428;13/05/2024;3.67;50.94;12.65
6428;14/05/2024;3.67;50.94;20.95
6428;15/05/2024;3.67;50.94;14.05
6428;16/05/2024;3.67;50.94;13.95
6428;17/05/2024;3.67;50.94;14.15
6428;18/05/2024;3.67;50.94;10.85
6428;19/05/2024;3.67;50.94;19.25
6428;20/05/2024;3.67;50.94;21.65
6428;21/05/2024;3.67;50.94;23.85
6428;22/05/2024;3.67;50.94;18.75
6428;23/05/2024;3.67;50.94;22.15
6428;24/05/2024;3.67;50.94;20.85
6428;25/05/2024;3.67;50.94;25.85
6428;27/05/2024;3.67;50.94;26.25
6428;28/05/2024;3.67;50.94;21.35
6428;29/05/2024;3.67;50.94;24.25
6428;30/05/2024;3.67;50.94;23.25
6428;31/05/2024;3.67;50.94;17.25
6431;1/05/2024;3.8;51.18;15.75
6431;2/05/2024;3.8;51.18;14.55
6431;3/05/2024;3.8;51.18;16.55
6431;4/05/2024;3.8;51.18;21.05
6431;6/05/2024;3.8;51.18;25.85
6431;7/05/2024;3.8;51.18;27.25
6431;8/05/2024;3.8;51.18;19.35
6431;9/05/2024;3.8;51.18;15.55
6431;10/05/2024;3.8;51.18;19.15
6431;11/05/2024;3.8;51.18;24.45
6431;12/05/2024;3.8;51.18;13.25
6431;13/05/2024;3.8;51.18;13.45
6431;14/05/2024;3.8;51.18;24.15
6431;15/05/2024;3.8;51.18;14.85
6431;16/05/2024;3.8;51.18;13.85
6431;17/05/2024;3.8;51.18;13.95
6431;18/05/2024;3.8;51.18;11.25
6431;19/05/2024;3.8;51.18;19.55
6431;20/05/2024;3.8;51.18;22.05
6431;21/05/2024;3.8;51.18;23.55
6431;22/05/2024;3.8;51.18;20.05
6431;23/05/2024;3.8;51.18;23.75
6431;24/05/2024;3.8;51.18;21.35
6431;25/05/2024;3.8;51.18;28.35
6431;26/05/2024;3.8;51.18;26.95
6431;27/05/2024;3.8;51.18;28.65
6431;28/05/2024;3.8;51.18;26.25
6431;29/05/2024;3.8;51.18;25.75
6431;30/05/2024;3.8;51.18;24.25
6431;31/05/2024;3.8;51.18;17.25
6432;1/05/2024;3.83;50.57;14.75
6432;2/05/2024;3.83;50.57;14.75
6432;3/05/2024;3.83;50.57;16.25
6432;4/05/2024;3.83;50.57;20.25
6432;5/05/2024;3.83;50.57;24.15
6432;6/05/2024;3.83;50.57;24.75
6432;7/05/2024;3.83;50.57;25.35
6432;8/05/2024;3.83;50.57;21.35
6432;9/05/2024;3.83;50.57;14.65
6432;10/05/2024;3.83;50.57;18.25
6432;11/05/2024;3.83;50.57;23.15
6432;12/05/2024;3.83;50.57;12.15
6432;13/05/2024;3.83;50.57;12.85
6432;14/05/2024;3.83;50.57;20.05
6432;15/05/2024;3.83;50.57;20.35
6432;16/05/2024;3.83;50.57;15.15
6432;17/05/2024;3.83;50.57;14.45
6432;18/05/2024;3.83;50.57;11.35
6432;19/05/2024;3.83;50.57;20.25
6432;20/05/2024;3.83;50.57;21.05
6432;21/05/2024;3.83;50.57;22.05
6432;22/05/2024;3.83;50.57;18.85
6432;23/05/2024;3.83;50.57;22.45
6432;24/05/2024;3.83;50.57;23.15
6432;25/05/2024;3.83;50.57;26.75
6432;26/05/2024;3.83;50.57;24.25
6432;27/05/2024;3.83;50.57;25.45
6432;28/05/2024;3.83;50.57;22.05
6432;29/05/2024;3.83;50.57;22.45
6432;30/05/2024;3.83;50.57;22.35
6432;31/05/2024;3.83;50.57;17.85
6447;1/05/2024;4.36;50.8;14.75
6447;2/05/2024;4.36;50.8;14.05
6447;3/05/2024;4.36;50.8;16.95
6447;4/05/2024;4.36;50.8;20.35
6447;5/05/2024;4.36;50.8;24.05
6447;6/05/2024;4.36;50.8;24.45
6447;7/05/2024;4.36;50.8;26.45
6447;8/05/2024;4.36;50.8;22.05
6447;9/05/2024;4.36;50.8;14.95
6447;10/05/2024;4.36;50.8;18.05
6447;11/05/2024;4.36;50.8;23.35
6447;12/05/2024;4.36;50.8;11.35
6447;13/05/2024;4.36;50.8;13.85
6447;14/05/2024;4.36;50.8;22.15
6447;15/05/2024;4.36;50.8;21.05
6447;16/05/2024;4.36;50.8;15.35
6447;17/05/2024;4.36;50.8;14.35
6447;18/05/2024;4.36;50.8;11.25
6447;19/05/2024;4.36;50.8;19.85
6447;20/05/2024;4.36;50.8;21.45
6447;21/05/2024;4.36;50.8;22.45
6447;22/05/2024;4.36;50.8;20.15
6447;23/05/2024;4.36;50.8;22.85
6447;24/05/2024;4.36;50.8;23.85
6447;25/05/2024;4.36;50.8;26.95
6447;26/05/2024;4.36;50.8;24.55
6447;27/05/2024;4.36;50.8;26.65
6447;28/05/2024;4.36;50.8;23.95
6447;29/05/2024;4.36;50.8;24.25
6447;30/05/2024;4.36;50.8;24.65
6447;31/05/2024;4.36;50.8;17.35
6449;1/05/2024;4.44;50.45;13.95
6449;2/05/2024;4.44;50.45;14.55
6449;3/05/2024;4.44;50.45;15.65
6449;4/05/2024;4.44;50.45;18.95
6449;5/05/2024;4.44;50.45;23.45
6449;6/05/2024;4.44;50.45;23.55
6449;7/05/2024;4.44;50.45;25.25
6449;8/05/2024;4.44;50.45;21.45
6449;9/05/2024;4.44;50.45;14.15
6449;10/05/2024;4.44;50.45;16.65
6449;11/05/2024;4.44;50.45;22.25
6449;12/05/2024;4.44;50.45;10.35
6449;13/05/2024;4.44;50.45;12.95
6449;14/05/2024;4.44;50.45;21.45
6449;15/05/2024;4.44;50.45;20.05
6449;16/05/2024;4.44;50.45;15.35
6449;17/05/2024;4.44;50.45;14.95
6449;18/05/2024;4.44;50.45;11.05
6449;19/05/2024;4.44;50.45;19.35
6449;20/05/2024;4.44;50.45;20.95
6449;21/05/2024;4.44;50.45;21.25
6449;22/05/2024;4.44;50.45;19.45
6449;23/05/2024;4.44;50.45;22.05
6449;24/05/2024;4.44;50.45;23.85
6449;25/05/2024;4.44;50.45;26.75
6449;26/05/2024;4.44;50.45;23.75
6449;27/05/2024;4.44;50.45;25.45
6449;28/05/2024;4.44;50.45;20.15
6449;29/05/2024;4.44;50.45;23.35
6449;30/05/2024;4.44;50.45;23.15
6449;31/05/2024;4.44;50.45;16.85
6450;1/05/2024;4.46;51.19;15.75
6450;2/05/2024;4.46;51.19;15.35
6450;3/05/2024;4.46;51.19;17.65
6450;4/05/2024;4.46;51.19;21.45
6450;5/05/2024;4.46;51.19;24.15
6450;6/05/2024;4.46;51.19;24.65
6450;7/05/2024;4.46;51.19;26.75
6450;8/05/2024;4.46;51.19;21.35
6450;9/05/2024;4.46;51.19;16.05
6450;10/05/2024;4.46;51.19;18.15
6450;11/05/2024;4.46;51.19;22.35
6450;12/05/2024;4.46;51.19;12.85
6450;13/05/2024;4.46;51.19;18.75
6450;14/05/2024;4.46;51.19;23.45
6450;15/05/2024;4.46;51.19;19.15
6450;16/05/2024;4.46;51.19;16.05
6450;17/05/2024;4.46;51.19;14.55
6450;18/05/2024;4.46;51.19;12.65
6450;19/05/2024;4.46;51.19;20.85
6450;20/05/2024;4.46;51.19;22.75
6450;21/05/2024;4.46;51.19;23.65
6450;22/05/2024;4.46;51.19;20.75
6450;23/05/2024;4.46;51.19;22.45
6450;25/05/2024;4.46;51.19;27.15
6450;26/05/2024;4.46;51.19;25.35
6450;27/05/2024;4.46;51.19;27.85
6450;28/05/2024;4.46;51.19;26.35
6450;29/05/2024;4.46;51.19;24.85
6450;30/05/2024;4.46;51.19;23.45
6450;31/05/2024;4.46;51.19;17.35
6451;1/05/2024;4.53;50.9;14.65
6451;2/05/2024;4.53;50.9;14.55
6451;3/05/2024;4.53;50.9;16.85
6451;4/05/2024;4.53;50.9;19.65
6451;5/05/2024;4.53;50.9;23.35
6451;6/05/2024;4.53;50.9;24.75
6451;7/05/2024;4.53;50.9;25.55
6451;8/05/2024;4.53;50.9;21.95
6451;9/05/2024;4.53;50.9;14.85
6451;10/05/2024;4.53;50.9;17.15
6451;11/05/2024;4.53;50.9;22.25
6451;12/05/2024;4.53;50.9;11.85
6451;13/05/2024;4.53;50.9;14.95
6451;14/05/2024;4.53;50.9;22.55
6451;15/05/2024;4.53;50.9;20.35
6451;16/05/2024;4.53;50.9;15.65
6451;17/05/2024;4.53;50.9;14.25
6451;18/05/2024;4.53;50.9;11.85
6451;19/05/2024;4.53;50.9;19.95
6451;20/05/2024;4.53;50.9;20.35
6451;21/05/2024;4.53;50.9;22.65
6451;22/05/2024;4.53;50.9;20.35
6451;23/05/2024;4.53;50.9;21.95
6451;24/05/2024;4.53;50.9;22.95
6451;25/05/2024;4.53;50.9;26.15
6451;26/05/2024;4.53;50.9;25.35
6451;27/05/2024;4.53;50.9;26.75
6451;28/05/2024;4.53;50.9;24.25
6451;29/05/2024;4.53;50.9;24.85
6451;30/05/2024;4.53;50.9;22.45
6451;31/05/2024;4.53;50.9;17.85
6456;1/05/2024;4.65;50.23;13.45
6456;2/05/2024;4.65;50.23;12.65
6456;3/05/2024;4.65;50.23;15.55
6456;4/05/2024;4.65;50.23;18.45
6456;5/05/2024;4.65;50.23;23.35
6456;6/05/2024;4.65;50.23;22.55
6456;7/05/2024;4.65;50.23;24.85
6456;8/05/2024;4.65;50.23;21.15
6456;9/05/2024;4.65;50.23;13.55
6456;10/05/2024;4.65;50.23;16.15
6456;11/05/2024;4.65;50.23;22.35
6456;12/05/2024;4.65;50.23;9.65
6456;13/05/2024;4.65;50.23;12.05
6456;14/05/2024;4.65;50.23;19.15
6456;15/05/2024;4.65;50.23;17.25
6456;16/05/2024;4.65;50.23;14.15
6456;17/05/2024;4.65;50.23;13.35
6456;18/05/2024;4.65;50.23;11.75
6456;19/05/2024;4.65;50.23;19.15
6456;20/05/2024;4.65;50.23;20.25
6456;21/05/2024;4.65;50.23;20.85
6456;22/05/2024;4.65;50.23;19.35
6456;23/05/2024;4.65;50.23;20.05
6456;24/05/2024;4.65;50.23;23.15
6456;25/05/2024;4.65;50.23;27.65
6456;27/05/2024;4.65;50.23;24.85
6456;28/05/2024;4.65;50.23;18.25
6456;29/05/2024;4.65;50.23;22.85
6456;30/05/2024;4.65;50.23;23.35
6456;31/05/2024;4.65;50.23;16.55
6458;1/05/2024;4.76;50.75;14.75
6458;2/05/2024;4.76;50.75;14.45
6458;3/05/2024;4.76;50.75;16.15
6458;4/05/2024;4.76;50.75;19.65
6458;5/05/2024;4.76;50.75;22.65
6458;6/05/2024;4.76;50.75;23.05
6458;7/05/2024;4.76;50.75;25.65
6458;8/05/2024;4.76;50.75;22.45
6458;9/05/2024;4.76;50.75;14.15
6458;10/05/2024;4.76;50.75;16.65
6458;11/05/2024;4.76;50.75;21.75
6458;12/05/2024;4.76;50.75;11.35
6458;13/05/2024;4.76;50.75;14.65
6458;14/05/2024;4.76;50.75;21.25
6458;15/05/2024;4.76;50.75;21.55
6458;16/05/2024;4.76;50.75;14.85
6458;17/05/2024;4.76;50.75;14.05
6458;18/05/2024;4.76;50.75;11.85
6458;19/05/2024;4.76;50.75;19.95
6458;20/05/2024;4.76;50.75;20.45
6458;21/05/2024;4.76;50.75;21.95
6458;22/05/2024;4.76;50.75;20.25
6458;23/05/2024;4.76;50.75;21.55
6458;24/05/2024;4.76;50.75;24.45
6458;25/05/2024;4.76;50.75;26.35
6458;27/05/2024;4.76;50.75;26.85
6458;28/05/2024;4.76;50.75;24.35
6458;29/05/2024;4.76;50.75;24.45
6458;30/05/2024;4.76;50.75;24.15
6458;31/05/2024;4.76;50.75;17.25
6459;1/05/2024;4.69;50.58;14.55
6459;2/05/2024;4.69;50.58;13.35
6459;3/05/2024;4.69;50.58;15.55
6459;4/05/2024;4.69;50.58;18.55
6459;5/05/2024;4.69;50.58;22.45
6459;6/05/2024;4.69;50.58;23.65
6459;7/05/2024;4.69;50.58;25.55
6459;8/05/2024;4.69;50.58;21.65
6459;9/05/2024;4.69;50.58;13.05
6459;10/05/2024;4.69;50.58;16.95
6459;11/05/2024;4.69;50.58;22.35
6459;12/05/2024;4.69;50.58;10.85
6459;13/05/2024;4.69;50.58;13.25
6459;14/05/2024;4.69;50.58;20.75
6459;15/05/2024;4.69;50.58;19.65
6459;16/05/2024;4.69;50.58;14.65
6459;17/05/2024;4.69;50.58;13.85
6459;18/05/2024;4.69;50.58;10.55
6459;19/05/2024;4.69;50.58;19.05
6459;20/05/2024;4.69;50.58;20.55
6459;21/05/2024;4.69;50.58;22.35
6459;22/05/2024;4.69;50.58;19.55
6459;23/05/2024;4.69;50.58;22.45
6459;24/05/2024;4.69;50.58;22.65
6459;25/05/2024;4.69;50.58;27.05
6459;26/05/2024;4.69;50.58;22.35
6459;27/05/2024;4.69;50.58;25.95
6459;28/05/2024;4.69;50.58;22.05
6459;29/05/2024;4.69;50.58;23.95
6459;31/05/2024;4.69;50.58;16.95
6465;1/05/2024;5.06;51;14.65
6465;3/05/2024;5.06;51;17.35
6465;4/05/2024;5.06;51;20.15
6465;5/05/2024;5.06;51;24.35
6465;6/05/2024;5.06;51;24.75
6465;7/05/2024;5.06;51;25.65
6465;8/05/2024;5.06;51;23.75
6465;9/05/2024;5.06;51;16.95
6465;10/05/2024;5.06;51;18.75
6465;11/05/2024;5.06;51;21.65
6465;12/05/2024;5.06;51;12.15
6465;13/05/2024;5.06;51;16.45
6465;14/05/2024;5.06;51;23.35
6465;15/05/2024;5.06;51;21.35
6465;16/05/2024;5.06;51;15.75
6465;17/05/2024;5.06;51;15.05
6465;18/05/2024;5.06;51;15.15
6465;19/05/2024;5.06;51;21.95
6465;20/05/2024;5.06;51;22.85
6465;21/05/2024;5.06;51;23.15
6465;22/05/2024;5.06;51;21.35
6465;23/05/2024;5.06;51;22.55
6465;24/05/2024;5.06;51;24.25
6465;25/05/2024;5.06;51;27.95
6465;27/05/2024;5.06;51;28.05
6465;28/05/2024;5.06;51;26.45
6465;29/05/2024;5.06;51;26.15
6465;30/05/2024;5.06;51;24.05
6465;31/05/2024;5.06;51;16.75
6476;1/05/2024;5.4;50.04;11.55
6476;2/05/2024;5.4;50.04;11.35
6476;3/05/2024;5.4;50.04;15.55
6476;4/05/2024;5.4;50.04;18.75
6476;5/05/2024;5.4;50.04;21.65
6476;6/05/2024;5.4;50.04;19.95
6476;7/05/2024;5.4;50.04;22.15
6476;8/05/2024;5.4;50.04;23.05
6476;9/05/2024;5.4;50.04;12.95
6476;10/05/2024;5.4;50.04;14.25
6476;11/05/2024;5.4;50.04;18.15
6476;12/05/2024;5.4;50.04;8.15
6476;13/05/2024;5.4;50.04;10.75
6476;14/05/2024;5.4;50.04;18.15
6476;15/05/2024;5.4;50.04;16.05
6476;16/05/2024;5.4;50.04;11.95
6476;17/05/2024;5.4;50.04;12.75
6476;18/05/2024;5.4;50.04;12.95
6476;19/05/2024;5.4;50.04;18.45
6476;20/05/2024;5.4;50.04;18.25
6476;21/05/2024;5.4;50.04;18.15
6476;22/05/2024;5.4;50.04;15.25
6476;23/05/2024;5.4;50.04;18.55
6476;24/05/2024;5.4;50.04;20.85
6476;25/05/2024;5.4;50.04;23.45
6476;26/05/2024;5.4;50.04;21.45
6476;27/05/2024;5.4;50.04;23.55
6476;28/05/2024;5.4;50.04;16.55
6476;29/05/2024;5.4;50.04;20.85
6476;30/05/2024;5.4;50.04;20.85
6476;31/05/2024;5.4;50.04;15.65
6478;1/05/2024;5.46;50.65;15.05
6478;2/05/2024;5.46;50.65;12.85
6478;3/05/2024;5.46;50.65;16.05
6478;4/05/2024;5.46;50.65;18.75
6478;5/05/2024;5.46;50.65;22.25
6478;6/05/2024;5.46;50.65;23.45
6478;7/05/2024;5.46;50.65;25.35
6478;8/05/2024;5.46;50.65;23.55
6478;9/05/2024;5.46;50.65;15.35
6478;10/05/2024;5.46;50.65;16.75
6478;11/05/2024;5.46;50.65;21.65
6478;12/05/2024;5.46;50.65;11.85
6478;13/05/2024;5.46;50.65;13.75
6478;14/05/2024;5.46;50.65;20.75
6478;15/05/2024;5.46;50.65;19.95
6478;16/05/2024;5.46;50.65;14.85
6478;17/05/2024;5.46;50.65;13.15
6478;18/05/2024;5.46;50.65;11.35
6478;19/05/2024;5.46;50.65;19.95
6478;20/05/2024;5.46;50.65;22.45
6478;21/05/2024;5.46;50.65;21.85
6478;22/05/2024;5.46;50.65;18.75
6478;23/05/2024;5.46;50.65;22.55
6478;24/05/2024;5.46;50.65;22.95
6478;25/05/2024;5.46;50.65;27.05
6478;26/05/2024;5.46;50.65;26.35
6478;27/05/2024;5.46;50.65;26.65
6478;28/05/2024;5.46;50.65;22.85
6478;29/05/2024;5.46;50.65;25.45
6478;30/05/2024;5.46;50.65;24.55
6478;31/05/2024;5.46;50.65;16.35
6479;1/05/2024;5.46;51.17;16.55
6479;2/05/2024;5.46;51.17;16.25
6479;3/05/2024;5.46;51.17;18.55
6479;4/05/2024;5.46;51.17;21.15
6479;5/05/2024;5.46;51.17;23.95
6479;6/05/2024;5.46;51.17;24.15
6479;7/05/2024;5.46;51.17;26.35
6479;8/05/2024;5.46;51.17;27.15
6479;9/05/2024;5.46;51.17;17.85
6479;10/05/2024;5.46;51.17;17.05
6479;11/05/2024;5.46;51.17;22.65
6479;12/05/2024;5.46;51.17;13.85
6479;13/05/2024;5.46;51.17;19.75
6479;14/05/2024;5.46;51.17;23.75
6479;15/05/2024;5.46;51.17;20.85
6479;16/05/2024;5.46;51.17;17.35
6479;17/05/2024;5.46;51.17;16.45
6479;21/05/2024;5.46;51.17;24.35
6479;22/05/2024;5.46;51.17;20.15
6479;23/05/2024;5.46;51.17;24.55
6479;24/05/2024;5.46;51.17;23.95
6479;25/05/2024;5.46;51.17;27.45
6479;27/05/2024;5.46;51.17;28.35
6479;28/05/2024;5.46;51.17;27.65
6479;29/05/2024;5.46;51.17;25.65
6479;30/05/2024;5.46;51.17;23.85
6479;31/05/2024;5.46;51.17;17.25
6490;1/05/2024;5.91;50.48;12.65
6490;2/05/2024;5.91;50.48;11.85
6490;3/05/2024;5.91;50.48;15.25
6490;4/05/2024;5.91;50.48;19.45
6490;5/05/2024;5.91;50.48;22.55
6490;6/05/2024;5.91;50.48;21.55
6490;7/05/2024;5.91;50.48;23.45
6490;8/05/2024;5.91;50.48;22.65
6490;9/05/2024;5.91;50.48;11.05
6490;10/05/2024;5.91;50.48;15.65
6490;11/05/2024;5.91;50.48;19.75
6490;12/05/2024;5.91;50.48;10.15
6490;13/05/2024;5.91;50.48;11.85
6490;14/05/2024;5.91;50.48;19.25
6490;15/05/2024;5.91;50.48;15.55
6490;16/05/2024;5.91;50.48;12.25
6490;17/05/2024;5.91;50.48;10.75
6490;18/05/2024;5.91;50.48;12.35
6490;19/05/2024;5.91;50.48;19.05
6490;20/05/2024;5.91;50.48;20.25
6490;21/05/2024;5.91;50.48;17.55
6490;22/05/2024;5.91;50.48;16.55
6490;23/05/2024;5.91;50.48;20.55
6490;24/05/2024;5.91;50.48;20.35
6490;25/05/2024;5.91;50.48;24.85
6490;26/05/2024;5.91;50.48;23.05
6490;27/05/2024;5.91;50.48;25.45
6490;29/05/2024;5.91;50.48;21.45
6490;30/05/2024;5.91;50.48;22.35
6490;31/05/2024;5.91;50.48;14.75
6494;2/05/2024;6.07;50.51;10.35
6494;5/05/2024;6.07;50.51;22.95
6494;9/05/2024;6.07;50.51;8.45
6494;12/05/2024;6.07;50.51;9.45
6494;13/05/2024;6.07;50.51;12.25
6494;15/05/2024;6.07;50.51;13.75
6494;20/05/2024;6.07;50.51;19.15
6494;21/05/2024;6.07;50.51;15.85
6494;28/05/2024;6.07;50.51;14.05
6494;30/05/2024;6.07;50.51;22.15
6494;31/05/2024;6.07;50.51;13.65
6496;1/05/2024;6.18;50.48;11.65
6496;2/05/2024;6.18;50.48;10.75
6496;3/05/2024;6.18;50.48;14.55
6496;4/05/2024;6.18;50.48;17.25
6496;5/05/2024;6.18;50.48;22.75
6496;6/05/2024;6.18;50.48;21.05
6496;7/05/2024;6.18;50.48;22.85
6496;8/05/2024;6.18;50.48;22.65
6496;21/05/2024;6.18;50.48;13.65
6496;22/05/2024;6.18;50.48;16.05
6496;23/05/2024;6.18;50.48;19.25
6496;24/05/2024;6.18;50.48;21.35
6496;25/05/2024;6.18;50.48;24.25
6496;27/05/2024;6.18;50.48;24.35
6496;28/05/2024;6.18;50.48;14.85
6496;30/05/2024;6.18;50.48;22.25
6496;31/05/2024;6.18;50.48;14.15
6590;1/05/2024;6.22;49.62;12.75
6590;2/05/2024;6.22;49.62;14.65
6590;3/05/2024;6.22;49.62;18.45
6590;4/05/2024;6.22;49.62;21.25
6590;5/05/2024;6.22;49.62;23.95
6590;6/05/2024;6.22;49.62;23.05
6590;7/05/2024;6.22;49.62;24.55
6590;8/05/2024;6.22;49.62;24.55
6590;9/05/2024;6.22;49.62;13.75
6590;10/05/2024;6.22;49.62;16.85
6590;11/05/2024;6.22;49.62;20.85
6590;12/05/2024;6.22;49.62;11.95
6590;13/05/2024;6.22;49.62;15.85
6590;14/05/2024;6.22;49.62;20.85
6590;15/05/2024;6.22;49.62;19.15
6590;16/05/2024;6.22;49.62;17.25
6590;17/05/2024;6.22;49.62;16.75
6590;18/05/2024;6.22;49.62;16.85
6590;19/05/2024;6.22;49.62;16.35
6590;20/05/2024;6.22;49.62;20.45
6590;21/05/2024;6.22;49.62;22.05
6590;22/05/2024;6.22;49.62;21.05
6590;23/05/2024;6.22;49.62;18.75
6590;24/05/2024;6.22;49.62;21.55
6590;25/05/2024;6.22;49.62;26.05
6590;26/05/2024;6.22;49.62;24.15
6590;27/05/2024;6.22;49.62;23.15
6590;28/05/2024;6.22;49.62;18.95
6590;29/05/2024;6.22;49.62;24.15
6590;30/05/2024;6.22;49.62;23.65
6590;31/05/2024;6.22;49.62;16.45
7015;1/05/2024;3.1;50.57;15.55
7015;2/05/2024;3.1;50.57;15.25
7015;3/05/2024;3.1;50.57;17.05
7015;4/05/2024;3.1;50.57;20.75
7015;5/05/2024;3.1;50.57;24.45
7015;6/05/2024;3.1;50.57;25.05
7015;7/05/2024;3.1;50.57;26.05
7015;8/05/2024;3.1;50.57;21.15
7015;9/05/2024;3.1;50.57;14.75
7015;10/05/2024;3.1;50.57;18.45
7015;11/05/2024;3.1;50.57;22.75
7015;12/05/2024;3.1;50.57;12.95
7015;13/05/2024;3.1;50.57;12.35
7015;14/05/2024;3.1;50.57;16.75
7015;15/05/2024;3.1;50.57;15.05
7015;16/05/2024;3.1;50.57;15.25
7015;17/05/2024;3.1;50.57;15.45
7015;18/05/2024;3.1;50.57;12.85
7015;19/05/2024;3.1;50.57;19.75
7015;20/05/2024;3.1;50.57;21.35
7015;21/05/2024;3.1;50.57;23.15
7015;22/05/2024;3.1;50.57;18.45
7015;23/05/2024;3.1;50.57;23.25
7015;24/05/2024;3.1;50.57;21.95
7015;25/05/2024;3.1;50.57;27.45
7015;26/05/2024;3.1;50.57;27.95
7015;27/05/2024;3.1;50.57;25.75
7015;28/05/2024;3.1;50.57;22.15
7015;29/05/2024;3.1;50.57;24.35
7015;30/05/2024;3.1;50.57;23.05
7015;31/05/2024;3.1;50.57;21.05
7061;1/05/2024;3.21;49.82;15.05
7061;2/05/2024;3.21;49.82;14.35
7061;3/05/2024;3.21;49.82;16.35
7061;4/05/2024;3.21;49.82;20.45
7061;5/05/2024;3.21;49.82;24.65
7061;6/05/2024;3.21;49.82;24.45
7061;7/05/2024;3.21;49.82;25.05
7061;8/05/2024;3.21;49.82;20.65
7061;9/05/2024;3.21;49.82;15.45
7061;10/05/2024;3.21;49.82;17.25
7061;11/05/2024;3.21;49.82;22.45
7061;12/05/2024;3.21;49.82;11.75
7061;13/05/2024;3.21;49.82;11.75
7061;14/05/2024;3.21;49.82;14.95
7061;15/05/2024;3.21;49.82;19.95
7061;16/05/2024;3.21;49.82;15.95
7061;17/05/2024;3.21;49.82;15.15
7061;18/05/2024;3.21;49.82;15.25
7061;19/05/2024;3.21;49.82;20.45
7061;20/05/2024;3.21;49.82;21.65
7061;21/05/2024;3.21;49.82;23.65
7061;22/05/2024;3.21;49.82;17.45
7061;23/05/2024;3.21;49.82;21.25
7061;24/05/2024;3.21;49.82;23.35
7061;25/05/2024;3.21;49.82;25.85
7061;26/05/2024;3.21;49.82;24.75
7061;27/05/2024;3.21;49.82;25.95
7061;28/05/2024;3.21;49.82;20.55
7061;29/05/2024;3.21;49.82;22.45
7061;30/05/2024;3.21;49.82;24.35
7061;31/05/2024;3.21;49.82;20.85
7075;1/05/2024;4.64;49.78;15.75
7075;2/05/2024;4.64;49.78;15.85
7075;3/05/2024;4.64;49.78;18.95
7075;4/05/2024;4.64;49.78;23.05
7075;5/05/2024;4.64;49.78;25.95
7075;6/05/2024;4.64;49.78;24.45
7075;7/05/2024;4.64;49.78;25.65
7075;8/05/2024;4.64;49.78;25.05
7075;9/05/2024;4.64;49.78;14.25
7075;10/05/2024;4.64;49.78;18.25
7075;11/05/2024;4.64;49.78;21.85
7075;12/05/2024;4.64;49.78;11.85
7075;13/05/2024;4.64;49.78;14.25
7075;14/05/2024;4.64;49.78;21.05
7075;15/05/2024;4.64;49.78;20.45
7075;16/05/2024;4.64;49.78;17.15
7075;17/05/2024;4.64;49.78;17.45
7075;18/05/2024;4.64;49.78;18.25
7075;19/05/2024;4.64;49.78;22.85
7075;20/05/2024;4.64;49.78;22.65
7075;21/05/2024;4.64;49.78;20.75
7075;22/05/2024;4.64;49.78;22.55
7075;23/05/2024;4.64;49.78;22.75
7075;24/05/2024;4.64;49.78;23.75
7075;25/05/2024;4.64;49.78;27.35
7075;26/05/2024;4.64;49.78;24.25
7075;27/05/2024;4.64;49.78;27.05
7075;28/05/2024;4.64;49.78;20.35
7075;29/05/2024;4.64;49.78;24.85
7075;30/05/2024;4.64;49.78;25.65
7075;31/05/2024;4.64;49.78;19.05